"Code","Name"
"9204658","Abies [spp]"
"9204658","Abies [spp] (c)"
"9204658","Abies [spp] (g)"
"9202395","Abies alba"
"9202397","Abies procera"
"9202528","Acaena anserinifolia"
"9202527","Acaena novae-zelandiae"
"200001601","Acer [spp]"
"9203","Acer campestre"
"9203","Acer campestre (c)"
"9203","Acer campestre (g)"
"9204","Acer platanoides"
"9204","Acer platanoides (c)"
"9205","Acer pseudoplatanus"
"9205","Acer pseudoplatanus (c)"
"9205","Acer pseudoplatanus (g)"
"9204661","Acer seedling/sp"
"9206","Aceras anthropophorum"
"9207","Achillea millefolium"
"9209","Achillea ptarmica"
"92014","Aconitum napellus"
"92015","Acorus calamus"
"92016","Actaea spicata"
"810681","Adelanthus decipiens"
"91017","Adiantum capillus-veneris"
"92018","Adonis annua"
"92019","Adoxa moschatellina"
"92020","Aegopodium podagraria"
"9202241","Aesculus hippocastanum"
"9202241","Aesculus hippocastanum (g)"
"9202241","Aesculus hippocastanum (s)"
"92021","Aethusa cynapium"
"92022","Agrimonia eupatoria"
"92023","Agrimonia procera"
"92034","Agrostemma githago"
"9204579","Agrostis [spp]"
"92035","Agrostis canina sens.lat."
"92040","Agrostis capillaris"
"92038","Agrostis curtisii"
"92036","Agrostis gigantea"
"92039","Agrostis stolonifera"
"92035.100000000006","Agrostis vinealis"
"9204411","Ailanthus altissima"
"92041","Aira caryophyllea"
"92042","Aira praecox"
"92043","Ajuga chamaepitys"
"92045","Ajuga pyramidalis"
"92046","Ajuga reptans"
"9204679","Alchemilla [spp]"
"92047","Alchemilla acutiloba"
"92048","Alchemilla alpina"
"9204480","Alchemilla filicaulis"
"92050","Alchemilla filicaulis subsp.filicaulis"
"92051","Alchemilla glabra"
"92054","Alchemilla glaucescens"
"92052","Alchemilla glomerulans"
"9202552","Alchemilla gracilis"
"92053","Alchemilla minima"
"92055","Alchemilla monticola"
"92056","Alchemilla subcrenata"
"92058","Alchemilla vulgaris agg."
"92059","Alchemilla wichurae"
"92060","Alchemilla xanthochlora"
"5502681","Alectoria nigricans"
"5502682","Alectoria ochroleuca"
"5502683","Alectoria sarmentosa"
"200001623","Algae"
"22","Algal mat"
"92061","Alisma gramineum"
"92062","Alisma lanceolatum"
"92063","Alisma plantago-aquatica"
"92064","Alliaria petiolata"
"200001675","Allium [spp]"
"9208283","Allium ampeloprasum"
"92066","Allium ampeloprasum babingtonii"
"92065","Allium ampeloprasum ssp ampeloprasum"
"92067","Allium carinatum"
"9209184","Allium cepa"
"92068","Allium oleraceum"
"92069","Allium paradoxum"
"92070","Allium roseum"
"92072","Allium schoenoprasum"
"92071","Allium scorodoprasum"
"92073","Allium sphaerocephalon"
"92074","Allium triquetrum"
"92075","Allium ursinum"
"92076","Allium vineale"
"200001602","Alnus [spp]"
"92077","Alnus glutinosa"
"92077","Alnus glutinosa (c)"
"92077","Alnus glutinosa (g)"
"92078","Alnus incana"
"9204682","Alopecurus [spp]"
"92079","Alopecurus aequalis"
"92080","Alopecurus borealis"
"92081","Alopecurus bulbosus"
"92082","Alopecurus geniculatus"
"92084","Alopecurus myosuroides"
"92085","Alopecurus pratensis"
"92087","Althaea officinalis"
"200001604","Amaranthus [spp]"
"92090","Amaranthus albus"
"92092","Amaranthus retroflexus"
"820366","Amblystegium riparium"
"82019","Amblystegium serpens"
"92097","Ammophila arenaria"
"200001605","Amsinckia [spp]"
"92098","Anacamptis pyramidalis"
"200001580","Anagallis [spp]"
"92099","Anagallis arvensis"
"92099.199999999997","Anagallis arvensis subsp.caerulea"
"920456","Anagallis minima"
"920100","Anagallis tenella"
"920101","Anaphalis margaritacea"
"810683","Anastrepta orcadensis"
"810684","Anastrophyllum donnianum"
"810952","Anastrophyllum minutum"
"9201218","Anchusa arvensis"
"200001442","Andraea [spp]"
"82023","Andreaea alpina"
"8201067","Andreaea rothii"
"8201068","Andreaea rupestris"
"920103","Andromeda polifolia"
"920105","Anemone nemorosa"
"810901","Aneura pinguis"
"920108","Angelica archangelica"
"920109","Angelica sylvestris"
"920110","Anisantha diandra"
"920112","Anisantha rigida"
"920113","Anisantha sterilis"
"82027","Anoectangium aestivum"
"910115","Anogramma leptophylla"
"920116","Antennaria dioica"
"810686","Anthelia julacea"
"810687","Anthelia juratzkana"
"9204698","Anthemis [spp]"
"920117","Anthemis arvensis"
"920118","Anthemis cotula"
"920122","Anthoxanthum aristatum"
"920121","Anthoxanthum odoratum"
"920123","Anthriscus caucalis"
"920125","Anthriscus sylvestris"
"920126","Anthyllis vulneraria"
"920127","Antirrhinum majus"
"9204703","Apera [spp]"
"920129","Apera interrupta"
"920130","Apera spica-venti"
"9204704","Aphanes [spp]"
"920131","Aphanes arvensis agg."
"920132","Aphanes arvensis sens.str."
"920133","Aphanes inexspectata"
"920134","Apium graveolens"
"920135","Apium inundatum"
"920137","Apium nodiflorum"
"920138","Apium repens"
"920141","Aquilegia vulgaris"
"920142","Arabidopsis thaliana"
"920143","Arabis alpina"
"9202108","Arabis glabra"
"920146","Arabis hirsuta"
"920332","Arabis petraea"
"920147","Arabis scabra"
"920149","Arbutus unedo"
"920150","Arctium agg."
"920151","Arctium lappa"
"9202405","Arctium minus"
"920153","Arctium minus subsp.nemorosum"
"920154","Arctium minus subsp.pubens"
"920156","Arctostaphylos alpinus"
"920155","Arctostaphylos uva-ursi"
"9204522","Arenaria [spp]"
"920158","Arenaria ciliata"
"920160","Arenaria norvegica subsp.norvegica"
"920162","Arenaria serpyllifolia"
"920163","Arenaria serpyllifolia subsp.leptoclados"
"920165","Armeria arenaria"
"920166","Armeria maritima"
"920167","Armoracia rusticana"
"920168","Arnoseris minima"
"920169","Arrhenatherum elatius"
"9204721","Artemisia [spp]"
"920170","Artemisia absinthium"
"920171","Artemisia campestris"
"9202264","Artemisia norvegica"
"920175","Artemisia vulgaris"
"920177","Arum italicum"
"920176","Arum maculatum"
"920178","Asarum europaeum"
"920179","Asparagus officinalis"
"920179.09999999998","Asparagus officinalis subsp.officinalis"
"920179.19999999995","Asparagus officinalis subsp.prostratus"
"920180","Asperugo procumbens"
"9205472","Asperula cynanchica"
"9202634","Asperula cynanchica subsp.occidentalis"
"9104623","Asplenium [spp]"
"910185.09999999998","Asplenium adiantum-nigrum"
"910189","Asplenium marinum"
"910191","Asplenium obovatum"
"910185.19999999995","Asplenium onopteris"
"910192","Asplenium ruta-muraria"
"910193","Asplenium septentrionale"
"910194","Asplenium trichomanes"
"910195","Asplenium trichomanes-ramosum"
"920197","Aster lanceolatus"
"920203","Aster lanceolatus x novi-belgii (A. x salignus)"
"9201166","Aster linosyris"
"920200","Aster novae-angliae"
"9204494","Aster novi-belgii"
"920204","Aster tripolium"
"920204.09999999998","Aster tripolium var. discoideus"
"920206","Astragalus alpinus"
"920207","Astragalus danicus"
"920208","Astragalus glycyphyllos"
"200001606","Athyrium [spp]"
"910210","Athyrium distentifolium"
"910211","Athyrium filix-femina"
"910210.09999999998","Athyrium flexile"
"200001537","Atrichum [spp]"
"82038","Atrichum crispum"
"82040","Atrichum undulatum"
"9204582","Atriplex [spp]"
"920212","Atriplex glabriuscula"
"920215","Atriplex hortensis"
"920216","Atriplex laciniata"
"920217","Atriplex littoralis"
"9202286","Atriplex longipes"
"920218","Atriplex patula"
"920949","Atriplex pedunculata"
"920950","Atriplex portulacoides"
"9202287","Atriplex praecox"
"9203311","Atriplex prostrata agg."
"920219","Atropa belladonna"
"8201097","Aulacomnium [spp]"
"82041","Aulacomnium androgynum"
"82042","Aulacomnium palustre"
"82043","Aulacomnium turgidum"
"9204734","Avena [spp]"
"920220","Avena fatua"
"9202988","Avena sativa"
"920222","Avena strigosa"
"200001608","Avenula [spp]"
"910223","Azolla filiculoides"
"920224","Baldellia ranunculoides"
"920225","Ballota nigra"
"920226","Barbarea intermedia"
"920227","Barbarea stricta"
"920228","Barbarea verna"
"920229","Barbarea vulgaris"
"200001452","Barbilophozia [spp]"
"810693","Barbilophozia attenuata"
"810694","Barbilophozia barbata"
"810695","Barbilophozia floerkei"
"810696","Barbilophozia hatcheri"
"810698","Barbilophozia lycopodioides"
".","Barbula [spp]"
"8201098","Barbula [spp]"
"82045","Barbula convoluta"
"82048","Barbula fallax"
"82054","Barbula recurvirostra"
"82056","Barbula revoluta"
"82060","Barbula tophacea"
"82062","Barbula unguiculata"
"20000887","Bare ground/litter/water/rock/mud"
"82065","Bartramia ithyphylla"
"920230","Bartsia alpina"
"200001088","Bazzania [spp]"
"810700","Bazzania pearsonii"
"810701","Bazzania tricrenata"
"810702","Bazzania trilobata"
"920235.19999999995","Beet (cultivated)"
"920231","Bellis perennis"
"9204741","Berberis [spp]"
"920232","Berberis vulgaris"
"920234","Berula erecta"
"9204744","Beta [spp]"
"920235","Beta vulgaris"
"920235.09999999998","Beta vulgaris subsp.maritima"
"920238","Betula nana"
"920239","Betula pendula"
"920239","Betula pendula (c)"
"920239","Betula pendula (g)"
"920240","Betula pubescens"
"920240","Betula pubescens (c)"
"920240","Betula pubescens (g)"
"920240.09999999998","Betula pubescens subsp.tortuosa"
"9202301","Betula pubescens x pendula (c)"
"9202301","Betula pubescens x pendula (g)"
"9202301","Betula pubescens x pendula (s)"
"9204445","Betula seedling/sp"
"9204745","Bidens [spp]"
"920241","Bidens cernua"
"920242","Bidens tripartita"
"920243","Blackstonia perfoliata"
"910244","Blechnum spicant"
"810704","Blepharostoma trichophyllum"
"82069","Blindia acuta"
"920245","Blysmus compressus"
"920246","Blysmus rufus"
"9201860","Bolboschoenus maritimus"
"920247","Borago officinalis"
"71415501","Bostrychia scorpioides"
"910248","Botrychium lunaria"
"200001609","Brachypodium [spp]"
"920249","Brachypodium pinnatum"
"920250","Brachypodium sylvaticum"
"8201103","Brachythecium [spp]"
"82072","Brachythecium albicans"
"82076","Brachythecium mildeanum"
"82077","Brachythecium plumosum"
"82080","Brachythecium rivulare"
"82081","Brachythecium rutabulum"
"82084","Brachythecium velutinum"
"9204750","Brassica [spp]"
"920251","Brassica napus"
"920252","Brassica nigra"
"920253","Brassica oleracea (cultivated)"
"920254","Brassica rapa"
"82085","Breutelia chrysocoma"
"920255","Briza maxima"
"920256","Briza media"
"920257","Briza minor"
"920259","Bromopsis benekenii"
"920263","Bromopsis erecta"
"920265","Bromopsis inermis"
"920272","Bromopsis ramosa"
"9204752","Bromus [spp]"
"920258","Bromus arvensis"
"920262","Bromus commutatus"
"920269","Bromus hordeaceus"
"920264","Bromus hordeaceus subsp.ferronii"
"920275","Bromus hordeaceus subsp.thominei"
"920266","Bromus interruptus"
"920271","Bromus racemosus"
"920276","Bryonia dioica"
"8201106","Bryum [spp]"
"820112","Bryum algovicum"
"82089","Bryum argenteum"
"82090","Bryum bicolor sens.lat."
"82091","Bryum caespiticium"
"82094","Bryum capillare"
"8201106","Bryum erythrocarpum"
"820664","Bryum klinggraeffii"
"820665","Bryum microerythrocarpum"
"820110","Bryum pallens"
"820113","Bryum pseudotriquetrum"
"820115","Bryum rubens"
"820668","Bryum sauteri"
"820672","Bryum violaceum"
"820123","Bryum weigelii"
"920277","Buddleja davidii"
"5505325","Buellia epigaea"
"920282","Bunium bulbocastanum"
"920285","Bupleurum baldense"
"920283","Bupleurum falcatum"
"920287","Bupleurum tenuissimum"
"920288","Butomus umbellatus"
"920289","Buxus sempervirens"
"920289","Buxus sempervirens (g)"
"920291","Cakile maritima"
"200001610","Calamagrostis [spp]"
"920292","Calamagrostis canescens"
"920293","Calamagrostis epigejos"
"9202646","Calamagrostis purpurea"
"920295","Calamagrostis scotica"
"920294","Calamagrostis stricta"
"9204811","Calamintha [spp]"
"920300","Calendula officinalis"
"20000861","Calliergon [spp]"
"8203","Calliergon cordifolium"
"8204","Calliergon cuspidatum"
"8205","Calliergon giganteum"
"8206","Calliergon sarmentosum"
"8207","Calliergon stramineum"
"8208","Calliergon trifarium"
"920303.19999999995","Callitriche brutia"
"9202249","Callitriche cophocarpa"
"920303","Callitriche hamulata sens.lat."
"920303.09999999998","Callitriche hamulata sens.str."
"920302","Callitriche hermaphroditica"
"920304","Callitriche obtusangula"
"920307.09999999998","Callitriche platycarpa"
"9202249","Callitriche seedling/sp"
"920307","Callitriche stagnalis sens.lat."
"920308","Callitriche truncata"
"920309","Calluna vulgaris"
"920310","Caltha palustris"
"920310.09999999998","Caltha palustris ssp.minor"
"200001087","Calypogeia [spp]"
"8101275","Calypogeia [spp]"
"810711","Calypogeia azurea"
"8101275","Calypogeia cf. muelleriana"
"8101275","Calypogeia cf. trichomanis"
"810706","Calypogeia fissa"
"810707","Calypogeia muelleriana"
"8101275","Calypogeia trichomanis/muelleriana"
"200001581","Calystegia [spp]"
"9202266","Calystegia pulchra"
"920311","Calystegia sepium"
"920313","Calystegia silvatica"
"920312","Calystegia soldanella"
"9204768","Campanula [spp]"
"920315","Campanula glomerata"
"920316","Campanula latifolia"
"920318","Campanula patula"
"920320","Campanula rapunculoides"
"920322","Campanula rotundifolia"
"920323","Campanula trachelium"
"200001029","Campylium [spp]"
"820129","Campylium chrysophyllum"
"820130","Campylium elodes"
"820133","Campylium polygamum"
"8201078","Campylium stellatum"
"820134","Campylium stellatum var.protensum"
"8201110","Campylopus [spp]"
"820137","Campylopus atrovirens"
"820137","Campylopus atrovirens"
"820138","Campylopus brevipilus"
"820140","Campylopus fragilis"
"820141","Campylopus introflexus"
"820139","Campylopus paradoxus"
"820139","Campylopus paradoxus"
"820142","Campylopus pyriformis"
"20000492","Campylopus pyriformis/flexuosa"
"820143","Campylopus setifolius"
"820146","Campylopus shawii"
"920325","Capsella bursa-pastoris"
"9204771","Cardamine [spp]"
"920327","Cardamine amara"
"920625","Cardamine bulbifera"
"920328","Cardamine flexuosa"
"920329","Cardamine hirsuta"
"2000070","Cardamine hirsuta/flexuosa"
"920330","Cardamine impatiens"
"920331","Cardamine pratensis"
"9204774","Carduus [spp]"
"920335","Carduus crispus"
"920337","Carduus nutans"
"920339","Carduus tenuiflorus"
"920340","Carex acuta"
"920341","Carex acutiformis"
"920342","Carex appropinquata"
"920343","Carex aquatilis"
"920344","Carex arenaria"
"920345","Carex atrata"
"920346","Carex atrofusca"
"920349","Carex bigelowii"
"920350","Carex binervis"
"920352","Carex buxbaumii"
"920353","Carex capillaris"
"200001536","Carex caryophylla/pilulifera"
"920355","Carex caryophyllea"
"920356","Carex chordorrhiza"
"920359","Carex curta"
"920360","Carex davalliana"
"920362","Carex depauperata"
"920363","Carex diandra"
"920364","Carex digitata"
"920365","Carex dioica"
"920366","Carex distans"
"920367","Carex disticha"
"920368","Carex divisa"
"9204520","Carex divulsa"
"920406","Carex divulsa subsp.leersii"
"920370","Carex echinata"
"920371","Carex elata"
"920372","Carex elongata"
"920373","Carex ericetorum"
"920374","Carex extensa"
"920375","Carex filiformis"
"920376","Carex flacca"
"920378","Carex flava sens.str."
"920381","Carex hirta"
"920382","Carex hostiana"
"920383","Carex humilis"
"920384","Carex lachenalii"
"920385","Carex laevigata"
"920386","Carex lasiocarpa"
"920388","Carex limosa"
"920403","Carex magellanica"
"920389","Carex maritima"
"920390","Carex microglochin"
"920391","Carex montana"
"920398","Carex muricata"
"920393","Carex nigra"
"920394","Carex norvegica"
"920395","Carex ornithopoda"
"920396","Carex otrubae"
"920397","Carex ovalis"
"920399","Carex pallescens"
"920400","Carex panicea"
"920401","Carex paniculata"
"920402","Carex pauciflora"
"920404","Carex pendula"
"920405","Carex pilulifera"
"920407","Carex pseudocyperus"
"920408","Carex pulicaris"
"2000087","Carex pulicaris/serotina"
"920409","Carex punctata"
"920410","Carex rariflora"
"920411","Carex recta"
"920412","Carex remota"
"920413","Carex riparia"
"920414","Carex rostrata"
"920415","Carex rupestris"
"920417","Carex saxatilis"
"9204583","Carex seedling/sp"
"920357","Carex spicata"
"920420","Carex strigosa"
"920421","Carex sylvatica"
"920422","Carex trinervis"
"920423","Carex vaginata"
"920424","Carex vesicaria"
"9207117","Carex viridula"
"920387","Carex viridula subsp.brachyrrhyncha"
"920361","Carex viridula subsp.oedocarpa"
"9207118","Carex viridula subsp.viridula"
"920425","Carex vulpina"
"920427","Carlina vulgaris"
"920428","Carpinus betulus"
"920428","Carpinus betulus (g)"
"920428","Carpinus betulus (s)"
"920429","Carpobrotus edulis"
"920431","Carum verticillatum"
"920432","Castanea sativa"
"920432","Castanea sativa (g)"
"920432","Castanea sativa (s)"
"920433","Catabrosa aquatica"
"200001591","Catapodium [spp]"
"920434","Catapodium marinum"
"920435","Catapodium rigidum"
"820149","Catoscopium nigritum"
"200001611","Cedrus [spp]"
"9204785","Centaurea [spp]"
"920439","Centaurea calcitrapa"
"920440","Centaurea cyanus"
"920444","Centaurea nigra"
"920446","Centaurea scabiosa"
"9205486","Centaurium erythraea"
"920448","Centaurium erythraea capitatum"
"920449","Centaurium latifolium"
"920450","Centaurium littorale"
"920453","Centaurium pulchellum"
"920452","Centaurium scilloides"
"920454","Centaurium tenuiflorum"
"920455","Centranthus ruber"
"920457","Cephalanthera damasonium"
"920458","Cephalanthera longifolia"
"920459","Cephalanthera rubra"
"8101276","Cephalozia [spp]"
"810714","Cephalozia bicuspidata"
"810716","Cephalozia connivens"
"810721","Cephalozia lunulifolia"
"810720","Cephalozia macrostachya"
"8101277","Cephaloziella [spp]"
"810732","Cephaloziella divaricata"
"810727","Cephaloziella hampeana"
"9204524","Cerastium [spp]"
"920460","Cerastium alpinum"
"920465","Cerastium arcticum"
"920461","Cerastium arvense"
"920463","Cerastium brachypetalum"
"920464","Cerastium cerastoides"
"920462","Cerastium diffusum"
"920467","Cerastium fontanum"
"920466","Cerastium glomeratum"
"920465.09999999998","Cerastium nigrescens"
"920468","Cerastium pumilum"
"920469","Cerastium semidecandrum"
"920470","Cerastium tomentosum"
"920555","Ceratocapnos claviculata"
"200001046","Ceratodon [spp]"
"820151","Ceratodon purpureus"
"920471","Ceratophyllum demersum"
"920472","Ceratophyllum submersum"
"910473","Ceterach officinarum"
"5505959","Cetraria [spp]"
"5505299","Cetraria glauca"
"5505350","Cetraria hiascens/delisei"
"5502848","Cetraria islandica"
"5502851","Cetraria nivalis"
"5505251","Cetraria norvegica/platysma lacunosum"
"920474","Chaenorhinum minus"
"920476","Chaerophyllum temulum"
"200001612","Chamaecyparis [spp]"
"9202398","Chamaecyparis lawsoniana"
"920119","Chamaemelum nobile"
"920477","Chamerion angustifolium"
"720113","Chara [spp]"
"920480","Chelidonium majus"
"9204525","Chenopodium [spp]"
"920481","Chenopodium album agg."
"200001582","Chenopodium album/polyspermum"
"920484","Chenopodium bonus-henricus"
"920485","Chenopodium chenopodioides"
"920487","Chenopodium ficifolium"
"920488","Chenopodium glaucum"
"920490","Chenopodium hybridum"
"920491","Chenopodium murale"
"920493","Chenopodium polyspermum"
"920496","Chenopodium rubrum"
"920498","Chenopodium urbicum"
"920500","Chenopodium vulvaria"
"810986","Chiloscyphus polyanthos"
"810737","Chiloscyphus polyanthos var.pallescens"
"9204800","Chrysanthemum [spp]"
"920504","Chrysanthemum segetum"
"920505","Chrysosplenium alternifolium"
"920506","Chrysosplenium oppositifolium"
"920507","Cicendia filiformis"
"920508","Cicerbita alpina"
"9202381","Cicerbita macrophylla"
"920509","Cichorium intybus"
"920510","Cicuta virosa"
"820152","Cinclidium stygium"
"820153","Cinclidotus fontinaloides"
"200001613","Circaea [spp]"
"920511","Circaea alpina"
"920512","Circaea alpina x lutetiana (C. x intermedia)"
"920513","Circaea lutetiana"
"200001165","Cirriphyllum [spp]"
"820157","Cirriphyllum piliferum"
"9204807","Cirsium [spp]"
"920514","Cirsium acaule"
"920515","Cirsium arvense"
"920516","Cirsium dissectum"
"920517","Cirsium eriophorum"
"920518","Cirsium heterophyllum"
"920519","Cirsium oleraceum"
"920520","Cirsium palustre"
"920521","Cirsium tuberosum"
"920522","Cirsium vulgare"
"920523","Cladium mariscus"
"5505962","Cladonia [spp]"
"5502860","Cladonia arbuscula"
"5502861","Cladonia bacillaris"
"5502862","Cladonia bellidiflora"
"5502868","Cladonia cervicornis"
"5502870","Cladonia chlorophaea"
"5502871","Cladonia ciliata"
"5502873","Cladonia coccifera"
"5502874","Cladonia coniocraea"
"5502876","Cladonia cornuta"
"5502877","Cladonia crispata"
"5502881","Cladonia deformis"
"5502882","Cladonia digitata"
"5502883","Cladonia fimbriata"
"5502885","Cladonia floerkeana"
"5502886","Cladonia foliacea"
"5502888","Cladonia furcata"
"5502890","Cladonia glauca"
"5502891","Cladonia gracilis"
"5505304","Cladonia impexa"
"5505305","Cladonia leucophaea"
"5502896","Cladonia macilenta"
"5502897","Cladonia macrophylla"
"5502903","Cladonia ochrochlora"
"5505307","Cladonia papillaria"
"5502908","Cladonia pocillum"
"5502909","Cladonia polydactyla"
"5502910","Cladonia portentosa"
"5502912","Cladonia pyxidata"
"20000106","Cladonia pyxidata/coccifera"
"5502913","Cladonia ramulosa"
"5502914","Cladonia rangiferina"
"5502915","Cladonia rangiformis"
"5502919","Cladonia squamosa"
"5505253","Cladonia squamules/sp"
"5502925","Cladonia subcervicornis"
"5505285","Cladonia subrangiformis"
"5502926","Cladonia subulata"
"5505322","Cladonia tenuis"
"5502931","Cladonia uncialis"
"5505287","Cladonia verticillata"
"810739","Cladopodiella fluitans"
"920525","Claytonia perfoliata"
"920524","Claytonia sibirica"
"920528","Clematis vitalba"
"820158","Climacium dendroides"
"92012","Clinopodium acinos"
"920296","Clinopodium ascendens"
"920298","Clinopodium calamintha"
"920297","Clinopodium menthifolium"
"920530","Clinopodium vulgare"
"920532","Cochlearia anglica"
"920533","Cochlearia danica"
"920534","Cochlearia micacea"
"9202547","Cochlearia officinalis sens.lat."
"9205422","Cochlearia pyrenaica"
"9204812","Cochlearia seedling/sp"
"5502936","Coelocaulon aculeatum"
"920537","Coeloglossum viride"
"9205396","Coincya monensis"
"9201688","Coincya monensis subsp.recurvata"
"9201690","Coincya wrightii"
"920538","Colchicum autumnale"
"5505232","Collema [spp]"
"5502967","Collema tenax"
"920539","Colutea arborescens"
"920540","Conium maculatum"
"810745","Conocephalum conicum"
"920541","Conopodium majus"
"820159","Conostomum tetragonum"
"920622","Consolida ajacis"
"920543","Convallaria majalis"
"920544","Convolvulus arvensis"
"920735","Conyza canadensis"
"920545","Corallorhiza trifida"
"5505290","Cornicularia aculeata"
"5505292","Cornicularia muricata"
"9204826","Cornus [spp]"
"9205423","Cornus mas"
"920548","Cornus sanguinea"
"920548","Cornus sanguinea (g)"
"920549","Cornus sericea"
"920478","Cornus suecica"
"9204828","Coronopus [spp]"
"920551","Coronopus didymus"
"920552","Coronopus squamatus"
"920553","Corrigiola litoralis"
"9204392","Cortaderia selloana"
"9204831","Corydalis [spp]"
"920557","Corylus avellana"
"920557","Corylus avellana (c)"
"920557","Corylus avellana (g)"
"920558","Corynephorus canescens"
"9204526","Cotoneaster [spp]"
"920560","Cotoneaster horizontalis sens.str."
"920561","Cotoneaster integerrimus"
"920562","Cotoneaster integrifolius"
"920563","Cotoneaster simonsii"
"920565","Crambe maritima"
"920566","Crassula aquatica"
"9202423","Crassula helmsii"
"920567","Crassula tillaea"
"9204837","Crataegus [spp]"
"920570","Crataegus laevigata"
"920568","Crataegus laevigata x monogyna (C. x macrocarpa)"
"920569","Crataegus monogyna"
"920569","Crataegus monogyna (c)"
"920569","Crataegus monogyna (g)"
"8201121","Cratoneuron [spp]"
"820161","Cratoneuron commutatum"
"820163","Cratoneuron filicinum"
"9204527","Crepis [spp]"
"920571","Crepis biennis"
"920572","Crepis capillaris"
"920573","Crepis foetida"
"920574","Crepis mollis"
"920576","Crepis paludosa"
"9204518","Crepis praemorsa"
"920578","Crepis vesicaria"
"920579","Crithmum maritimum"
"200001614","Crocosmia [spp]"
"920580","Crocosmia x crocosmiiflora (C. aurea x pottsii)"
"920875","Cruciata laevipes"
"910586","Cryptogramma crispa"
"820166","Ctenidium molluscum"
"9204366","Cultivated bean"
"9205475","Cultivated carrot"
"200001173","Cultivated flowers"
"9204842","Cupressus [spp]"
"920589","Cuscuta epithymum"
"920590","Cuscuta europaea"
"920592","Cymbalaria muralis"
"920595","Cynoglossum germanicum"
"920596","Cynoglossum officinale"
"920597","Cynosurus cristatus"
"920598","Cynosurus echinatus"
"920599","Cyperus fuscus"
"920600","Cyperus longus"
"920601","Cypripedium calceolus"
"910602","Cystopteris dickieana"
"910603","Cystopteris fragilis"
"910604","Cystopteris montana"
"9201822","Cytisus scoparius"
"9201822","Cytisus scoparius (g)"
"9201822.0999999996","Cytisus scoparius subsp.maritimus"
"920605","Daboecia cantabrica"
"920607","Dactylis glomerata"
"9204528","Dactylorhiza [spp]"
"920608","Dactylorhiza fuchsii"
"9204528","Dactylorhiza hybrids"
"920609","Dactylorhiza incarnata"
"9202964","Dactylorhiza lapponica"
"920610","Dactylorhiza maculata"
"920611","Dactylorhiza majalis"
"920612","Dactylorhiza majalis praetermissa"
"9202877","Dactylorhiza majalis x purpurella"
"920613","Dactylorhiza purpurella"
"920614","Dactylorhiza traunsteineri"
"920615","Damasonium alisma"
"9201915","Danthonia decumbens"
"920617","Daphne laureola"
"920617","Daphne laureola"
"920618","Daphne mezereum"
"200001615","Daucus [spp]"
"9205474","Daucus carota"
"920620","Daucus carota subsp.carota"
"9204819","Delphinium [spp]"
"5505227","Dermatocarpon lachnaeum"
"5505112","Dermatocarpon miniatum"
"920627","Deschampsia cespitosa"
"920628","Deschampsia flexuosa"
"920629","Deschampsia setacea"
"920630","Descurainia sophia"
"920631","Dianthus armeria"
"920635","Dianthus deltoides"
"920637","Dianthus gratianopolitanus"
"920639","Diapensia lapponica"
"820180","Dichodontium pellucidum sens.lat."
"20000868","Dicranella [spp]"
"820184","Dicranella heteromalla"
"820187","Dicranella palustris"
"820186","Dicranella schreberana"
"820674","Dicranella staphylina"
"820189","Dicranella varia"
"820191","Dicranodontium denudatum"
"820192","Dicranodontium uncinatum"
"820193","Dicranoweisia cirrata"
"8201132","Dicranum [spp]"
"820197","Dicranum bonjeanii"
"820201","Dicranum fuscescens"
"820203","Dicranum majus"
"820206","Dicranum scoparium"
"820207","Dicranum scottianum"
"920640","Digitalis purpurea"
"920641","Digitaria ischaemum"
"920642","Digitaria sanguinalis"
"9101213","Diphasiastrum alpinum"
"9102277","Diphasiastrum complanatum"
"810747","Diplophyllum albicans"
"5501444","Diploschistes scruposus"
"9204868","Diplotaxis [spp]"
"920644","Diplotaxis muralis"
"920645","Diplotaxis tenuifolia"
"920646.09999999998","Dipsacus fullonum"
"920647","Dipsacus pilosus"
"820213","Distichium capillaceum"
"8201137","Ditrichum [spp]"
"820215","Ditrichum cylindricum"
"820216","Ditrichum flexicaule sens.lat."
"9204872","Doronicum [spp]"
"920648","Doronicum pardalianches"
"810750","Douinia ovata"
"9204873","Draba [spp]"
"920650","Draba aizoides"
"920651","Draba incana"
"920652","Draba muralis"
"920653","Draba norvegica"
"8201138","Drepanocladus [spp]"
"820222","Drepanocladus aduncus"
"820223","Drepanocladus exannulatus"
"820224","Drepanocladus fluitans"
"820225","Drepanocladus lycopodioides"
"820226","Drepanocladus revolvens"
"820226","Drepanocladus revolvens var. revolvens"
"820227","Drepanocladus sendtneri"
"820228","Drepanocladus uncinatus"
"820229","Drepanocladus vernicosus"
"920655","Drosera intermedia"
"920654","Drosera longifolia"
"920657","Drosera rotundifolia"
"920658","Dryas octopetala"
"9104634","Dryopteris [spp]"
"910660","Dryopteris aemula"
"910662","Dryopteris affinis"
"910666","Dryopteris carthusiana"
"910663","Dryopteris cristata"
"910661","Dryopteris dilatata"
"9104634","Dryopteris dilatata x filix-mas"
"200001583","Dryopteris dilatata/carthusiana"
"9102274","Dryopteris expansa"
"910665","Dryopteris filix-mas"
"910659","Dryopteris oreades"
"9102499","Dryopteris remota"
"910667","Dryopteris submontana"
"920669","Echium plantagineum"
"920670","Echium vulgare"
"200001616","Elatine [spp]"
"920671","Elatine hexandra"
"920672","Elatine hydropiper"
"9204529","Eleocharis [spp]"
"920673","Eleocharis acicularis"
"9202267","Eleocharis austriaca"
"920674","Eleocharis multicaulis"
"920675","Eleocharis palustris"
"920676","Eleocharis parvula"
"920677","Eleocharis quinqueflora"
"920678","Eleocharis uniglumis"
"920679","Eleogiton fluitans"
"9204619","Elodea [spp]"
"920681","Elodea canadensis"
"920997","Elodea nuttallii"
"9204884","Elymus [spp]"
"9207006","Elymus caninus"
"92032","Elytrigia atherica"
"9202908","Elytrigia atherica x repens (E. x oliveri)"
"92028","Elytrigia juncea"
"92033","Elytrigia repens"
"920684","Empetrum nigrum"
"920683","Empetrum nigrum subsp.hermaphroditum"
"920685","Empetrum nigrum subsp.nigrum"
"820233","Encalypta streptocarpa"
"820234","Encalypta vulgaris"
"820235","Entodon concinnus"
"820235","Entodon orthocarpus"
"9204530","Epilobium [spp]"
"920690","Epilobium alsinifolium"
"920691","Epilobium anagallidifolium"
"920699","Epilobium brunnescens"
"920688","Epilobium ciliatum"
"9202783","Epilobium ciliatum x tetragonum"
"920692","Epilobium hirsutum"
"920694","Epilobium lanceolatum"
"920695","Epilobium montanum"
"920696","Epilobium obscurum"
"920697","Epilobium palustre"
"920698","Epilobium parviflorum"
"920700","Epilobium roseum"
"200001439","Epilobium tetragon/obscurum"
"9207292","Epilobium tetragonum"
"920689","Epilobium tetragonum tetragonum"
"920702","Epipactis atrorubens"
"920705","Epipactis helleborine"
"9205476","Epipactis leptochila"
"920708","Epipactis palustris"
"920709","Epipactis phyllanthes"
"920710","Epipactis purpurata"
"9202549","Epipactis youngiana"
"920711","Epipogium aphyllum"
"9104635","Equisetum [spp]"
"910712","Equisetum arvense"
"200001491","Equisetum arvense/palustre"
"910713","Equisetum fluviatile"
"910714","Equisetum hyemale"
"910717","Equisetum palustre"
"910718","Equisetum pratense"
"910719","Equisetum ramosissimum"
"910720","Equisetum sylvaticum"
"910721","Equisetum telmateia"
"910723","Equisetum variegatum"
"920724","Eranthis hyemalis"
"920725","Erica ciliaris"
"920726","Erica cinerea"
"920729","Erica erigena"
"920728","Erica mackaiana"
"920731","Erica tetralix"
"920732","Erica vagans"
"920733","Erigeron acer"
"920734","Erigeron borealis"
"920736","Erigeron karvinskianus"
"920738","Erinus alpinus"
"920739","Eriocaulon aquaticum"
"9204896","Eriophorum [spp]"
"920740","Eriophorum angustifolium"
"920742","Eriophorum gracile"
"920743","Eriophorum latifolium"
"920744","Eriophorum vaginatum"
"200001617","Erodium [spp]"
"920745","Erodium cicutarium agg."
"920747","Erodium lebelii"
"920748","Erodium maritimum"
"920749","Erodium moschatum"
"9204343","Erophila glabrescens"
"9204344","Erophila majuscula"
"920751","Erophila verna praecox"
"920753","Erophila verna sens.lat."
"920752","Erophila verna spathulata"
"920756","Erucastrum gallicum"
"920757","Eryngium campestre"
"920758","Eryngium maritimum"
"920759","Erysimum cheiranthoides"
"920479","Erysimum cheiri"
"200001618","Eucalyptus [spp]"
"920762","Euonymus europaeus"
"920762","Euonymus europaeus (g)"
"920763","Eupatorium cannabinum"
"20000158","Euphorbia agg."
"920764","Euphorbia amygdaloides"
"920767","Euphorbia cyparissias"
"920771","Euphorbia exigua"
"920772","Euphorbia helioscopia"
"920773","Euphorbia hyberna"
"920774","Euphorbia lathyris"
"920775","Euphorbia paralias"
"920776","Euphorbia peplis"
"920777","Euphorbia peplus"
"920779","Euphorbia platyphyllos"
"920780","Euphorbia portlandica"
"920781","Euphorbia serrulata"
"920778","Euphorbia villosa"
"920783","Euphrasia anglica"
"9207310","Euphrasia arctica"
"920786","Euphrasia cambrica"
"920787","Euphrasia campbelliae"
"920788","Euphrasia confusa"
"920791","Euphrasia foulaensis"
"920792","Euphrasia frigida"
"920793","Euphrasia heslop-harrisonii"
"920795","Euphrasia marshallii"
"920796","Euphrasia micrantha"
"920798","Euphrasia nemorosa"
"9202243","Euphrasia officinalis agg."
"920789","Euphrasia ostenfeldii"
"920801","Euphrasia pseudokerneri"
"920803","Euphrasia rivularis"
"9207351","Euphrasia rostkoviana"
"920797","Euphrasia rostkoviana subsp.montana"
"920805","Euphrasia rotundifolia"
"920806","Euphrasia salisburgensis"
"920807","Euphrasia scottica"
"920799","Euphrasia tetraquetra"
"920800","Euphrasia vigursii"
"8201146","Eurhynchium [spp]"
"820249","Eurhynchium praelongum"
"820529","Eurhynchium pumilum"
"820254","Eurhynchium speciosum"
"820255","Eurhynchium striatum"
"820256","Eurhynchium swartzii"
"920808","Exaculum pusillum"
"920809","Fagopyrum esculentum"
"920810","Fagus sylvatica"
"920810","Fagus sylvatica (c)"
"920810","Fagus sylvatica (g)"
"9201524","Fallopia baldschuanica"
"9201527","Fallopia convolvulus"
"9201529","Fallopia dumetorum"
"9201528","Fallopia japonica"
"9201541","Fallopia sachalinensis"
"200001182","Festuca [spp]"
"920812","Festuca altissima"
"920819","Festuca arenaria"
"9207359","Festuca armoricana"
"920813","Festuca arundinacea"
"920822.19999999995","Festuca filiformis"
"920816","Festuca gigantea"
"9207361","Festuca huonii"
"9205430","Festuca lemanii"
"920817","Festuca longifolia"
"920821","Festuca ovina agg."
"9204916","Festuca ovina/rubra (vegetative)"
"920823","Festuca pratensis"
"920815","Festuca pratensis x Lolium perenne (x Festulolium loli"
"920824","Festuca rubra agg."
"920825.19999999995","Festuca rubra subsp.commutata"
"920826","Festuca vivipara"
"9204918","Filago [spp]"
"920829","Filago gallica"
"920827","Filago lutescens"
"920831","Filago minima"
"920832","Filago pyramidata"
"920830","Filago vulgaris"
"9204919","Filipendula [spp]"
"920833","Filipendula ulmaria"
"920834","Filipendula vulgaris"
"8201147","Fissidens [spp]"
"820257","Fissidens adianthoides"
"820260","Fissidens bryoides"
"820262","Fissidens cristatus"
"820269","Fissidens osmundoides"
"820274","Fissidens taxifolius"
"820275","Fissidens viridulus"
"920835","Foeniculum vulgare"
"820276","Fontinalis antipyretica"
"820281","Fontinalis squamosa"
"200001619","Fragaria [spp]"
"920838","Fragaria vesca"
"920836","Fragaria x ananassa"
"920839","Frangula alnus"
"920840","Frankenia laevis"
"920841","Fraxinus excelsior (c)"
"920841","Fraxinus excelsior (g)"
"920841","Fraxinus excelsior (s)"
"920842","Fritillaria meleagris"
"810768","Frullania tamarisci"
"920844","Fuchsia magellanica"
"71360991","Fucus [spp]"
"7138004","Fucus spiralis"
"7138005","Fucus vesiculosus"
"9204532","Fumaria [spp]"
"920845","Fumaria bastardii"
"920847","Fumaria capreolata"
"920849","Fumaria densiflora"
"920850","Fumaria muralis"
"920853","Fumaria occidentalis"
"920854","Fumaria officinalis"
"920856","Fumaria parviflora"
"920857","Fumaria purpurea"
"920848","Fumaria reuteri"
"920858","Fumaria vaillantii"
"820284","Funaria hygrometrica"
"9202290","Gagea bohemica"
"920859","Gagea lutea"
"920860","Galanthus nivalis"
"920861","Galega officinalis"
"9204931","Galeopsis [spp]"
"920863","Galeopsis angustifolia"
"920864","Galeopsis bifida"
"920865","Galeopsis segetum"
"920867","Galeopsis speciosa"
"920868","Galeopsis tetrahit agg."
"920871","Galinsoga parviflora"
"920870","Galinsoga quadriradiata"
"9204533","Galium [spp]"
"920873","Galium aparine"
"920874","Galium boreale"
"920876","Galium constrictum"
"920879","Galium mollugo"
"920877","Galium mollugo subsp.erectum"
"920183","Galium odoratum"
"920882","Galium palustre"
"920882.09999999998","Galium palustre subsp.elongatum"
"920872","Galium parisiense"
"920883.09999999998","Galium pumilum"
"920878","Galium saxatile"
"920885","Galium spurium"
"920883.19999999995","Galium sterneri"
"920886","Galium tricornutum"
"920887","Galium uliginosum"
"920888","Galium verum"
"920889","Gastridium ventricosum"
"9202508","Gaudinia fragilis"
"920890","Gaultheria shallon"
"200001621","Genista [spp]"
"920891","Genista anglica"
"920892","Genista pilosa"
"920893","Genista tinctoria"
"920894","Gentiana nivalis"
"920895","Gentiana pneumonanthe"
"920896","Gentiana verna"
"9204534","Gentianella [spp]"
"920897","Gentianella amarella"
"920904","Gentianella amarella subsp.septentrionalis"
"200001592","Gentianella amarella/anglica"
"920899","Gentianella anglica"
"920901","Gentianella campestris"
"9202629","Gentianella ciliata"
"920903","Gentianella germanica"
"920905","Gentianella uliginosa"
"9204535","Geranium [spp]"
"920906","Geranium columbinum"
"920907","Geranium dissectum"
"920909","Geranium lucidum"
"920911","Geranium molle"
"920914","Geranium pratense"
"920915","Geranium purpureum"
"920916","Geranium pusillum"
"920917","Geranium pyrenaicum"
"920918","Geranium robertianum"
"920919","Geranium rotundifolium"
"920920","Geranium sanguineum"
"920921","Geranium sylvaticum"
"200001622","Geum [spp]"
"920924","Geum rivale"
"920923","Geum rivale x urbanum (G. x intermedium)"
"920925","Geum urbanum"
"9205470","Gladiolus communis"
"920926","Gladiolus illyricus"
"920929","Glaucium flavum"
"920930","Glaux maritima"
"920931","Glechoma hederacea"
"920932","Glyceria declinata"
"920933","Glyceria fluitans"
"920935","Glyceria fluitans x notata (G. x pedicellata)"
"920934","Glyceria maxima"
"920936","Glyceria notata"
"9204943","Glyceria seedling/sp"
"9204944","Gnaphalium [spp]"
"920937","Gnaphalium luteoalbum"
"920938","Gnaphalium norvegicum"
"920939","Gnaphalium supinum"
"920940","Gnaphalium sylvaticum"
"920941","Gnaphalium uliginosum"
"920943","Goodyera repens"
"8201151","Grimmia [spp]"
"820298","Grimmia donniana"
"820312","Grimmia pulvinata"
"920944","Groenlandia densa"
"920948","Gymnadenia conopsea"
"9102050","Gymnocarpium dryopteris"
"9102054","Gymnocarpium robertianum"
"810772","Gymnocolea inflata"
"810774","Gymnomitrion concinnatum"
"810775","Gymnomitrion corallioides"
"820321","Gymnostomum aeruginosum"
"820323","Gymnostomum recurvirostrum sens.lat."
"920951","Hammarbya paludosa"
"810780","Harpanthus flotovianus"
"810781","Harpanthus scutatus"
"920952","Hedera helix"
"920952","Hedera helix (c)"
"920952","Hedera helix (g)"
"920953","Helianthemum apenninum"
"920954","Helianthemum canum"
"920955","Helianthemum nummularium"
"920957","Helianthus annuus"
"920960","Helianthus tuberosus"
"920961","Helictotrichon pratense"
"920962","Helictotrichon pubescens"
"920963","Helleborus foetidus"
"920964","Helleborus viridis"
"200001624","Heracleum [spp]"
"920966","Heracleum mantegazzianum"
"920968","Heracleum sphondylium"
"810783","Herbertus aduncus"
"810782","Herbertus stramineus"
"920969","Herminium monorchis"
"920971","Herniaria ciliolata"
"920973","Herniaria glabra"
"920975","Hesperis matronalis"
"820331","Heterocladium heteropterum"
"9202560","Hieracium 'indeterminate'"
"9202560","Hieracium 'indeterminate'"
"9202560","Hieracium alatum group"
"9202560","Hieracium alpinum group"
"9202560","Hieracium amplexicaule group"
"9202560","Hieracium angustatum group"
"9202560","Hieracium argillaceum (arg)"
"9202560","Hieracium argillaceum group"
"9202560","Hieracium atratum group"
"9202560","Hieracium bifidum group"
"9202560","Hieracium caesium group"
"9202560","Hieracium carpathicum group"
"9202560","Hieracium crocatum group"
"9202560","Hieracium diaphanum group"
"9202560","Hieracium dovrense group"
"9202560","Hieracium epimedium group"
"9202560","Hieracium exotericum (mur)"
"9202560","Hieracium fuscocinereum group"
"9202560","Hieracium glaucinum group"
"9202560","Hieracium hypochoeroides group"
"9202560","Hieracium inuloides group"
"9202560","Hieracium laevigatum group"
"9202560","Hieracium maculatum group"
"9202560","Hieracium murorum group"
"9202560","Hieracium nigrescens group"
"9202560","Hieracium onosmoides group"
"9205157","Hieracium pilosella group"
"9202560","Hieracium prenanthoides group"
"9202560","Hieracium rohacsense group"
"9202560","Hieracium sabaudum (sab)"
"9202560","Hieracium sabaudum group"
"9202560","Hieracium saxifragum group"
"9202560","Hieracium schmidtii group"
"9202560","Hieracium senuans (atr)"
"9202560","Hieracium sommerfeltii group"
"9202560","Hieracium stelligerum group"
"9202560","Hieracium truncatum group"
"920977","Hierochloe odorata"
"920978","Himantoglossum hircinum"
"920979","Hippocrepis comosa"
"920980","Hippophae rhamnoides"
"920981","Hippuris vulgaris"
"920982","Hirschfeldia incana"
"200001625","Holcus [spp]"
"920983","Holcus lanatus"
"920984","Holcus mollis"
"920986","Holosteum umbellatum"
"200001476","Homalothecium [spp]"
"820126","Homalothecium lutescens"
"820127","Homalothecium nitens"
"820128","Homalothecium sericeum"
"920987","Homogyne alpina"
"920988","Honckenya peploides"
"820335","Hookeria lucens"
"920989","Hordelymus europaeus"
"200001626","Hordeum [spp]"
"9204368","Hordeum distichon sens.lat."
"920991","Hordeum marinum"
"920992","Hordeum murinum"
"920993","Hordeum secalinum"
"9208282","Hordeum vulgare sens.str."
"920994","Hornungia petraea"
"920995","Hottonia palustris"
"920996","Humulus lupulus"
"9101217","Huperzia selago"
"920686","Hyacinthoides hispanica"
"920687","Hyacinthoides non-scripta"
"9202291","Hydrilla verticillata"
"920998","Hydrocharis morsus-ranae"
"200001627","Hydrocotyle [spp]"
"920999","Hydrocotyle vulgaris"
"820340","Hygrohypnum luridum"
"820342","Hygrohypnum ochraceum"
"820344","Hylocomium brevirostre"
"820346","Hylocomium splendens"
"820347","Hylocomium umbratum"
"200001599","Hymenophyllum [spp]"
"9101000","Hymenophyllum tunbrigense"
"9101001","Hymenophyllum wilsonii"
"820348","Hyocomium armoricum"
"9201002","Hyoscyamus niger"
"9204536","Hypericum [spp]"
"9201003","Hypericum androsaemum"
"9201004","Hypericum calycinum"
"9201008","Hypericum elodes"
"9201010","Hypericum hirsutum"
"9201011","Hypericum humifusum"
"9201012","Hypericum linariifolium"
"9201006","Hypericum maculatum"
"9201013","Hypericum montanum"
"9201014","Hypericum perforatum"
"9201015","Hypericum pulchrum"
"200001579","Hypericum pulchrum/perforatum"
"9201016","Hypericum tetrapterum"
"9201017","Hypericum undulatum"
"8201167","Hypnum [spp]"
"820350","Hypnum callichroum"
"820351","Hypnum cupressiforme sens.lat."
"820351.40000000002","Hypnum cupressiforme var laciniatum"
"820351.40000000002","Hypnum cupressiforme var. lacunosum"
"820352","Hypnum hamulosum"
"820351.19999999995","Hypnum jutlandicum"
"820351.5","Hypnum mammillatum"
"9201018","Hypochaeris glabra"
"9201019","Hypochaeris maculata"
"9201020","Hypochaeris radicata"
"200001584","Hypochoeris [spp]"
"20000223","Hypochoeris spp./Leontodon spp."
"5505982","Hypogymnia [spp]"
"5503048","Hypogymnia bitteriana"
"5503050","Hypogymnia physodes"
"5503051","Hypogymnia tubulosa"
"200001628","Iberis [spp]"
"9201022","Iberis amara"
"9201023","Ilex aquifolium"
"9201023","Ilex aquifolium (c)"
"9201023","Ilex aquifolium (g)"
"9201024","Illecebrum verticillatum"
"200001629","Impatiens [spp]"
"9201025","Impatiens capensis"
"9201026","Impatiens glandulifera"
"9201027","Impatiens noli-tangere"
"9201028","Impatiens parviflora"
"9201030","Inula conyzae"
"9201031","Inula crithmoides"
"9201033","Inula helenium"
"9201034","Inula salicina"
"200001630","Iris [spp]"
"9201036","Iris foetidissima"
"9201037","Iris germanica"
"9201038","Iris pseudacorus"
"9101043","Isoetes echinospora"
"9101044","Isoetes histrix"
"9101045","Isoetes lacustris"
"9201046","Isolepis cernua"
"9201047","Isolepis setacea"
"20000894","Isopterygium [spp]"
"820357","Isopterygium elegans"
"820359","Isopterygium pulchellum"
"820362","Isothecium myosuroides"
"820363","Isothecium myurum"
"810785","Jamesoniella autumnalis"
"9201048","Jasione montana"
"9201049","Juglans regia"
"9204586","Juncus [spp]"
"9201050","Juncus acutiflorus"
"9201052","Juncus acutus"
"9201053","Juncus alpinoarticulatus"
"9201057.0999999996","Juncus ambiguus"
"9201054","Juncus articulatus"
"20000228","Juncus articulatus/acutiflora"
"9201055","Juncus balticus"
"9201056","Juncus biglumis"
"9201057","Juncus bufonius sens.lat."
"9201057.1999999993","Juncus bufonius sens.str."
"200001478","Juncus bufonius/bulbosus"
"9201058","Juncus bulbosus"
"9201060","Juncus capitatus"
"9201061","Juncus castaneus"
"9204586","Juncus cf. acutiflorus"
"9204586","Juncus cf. articulatus x acutiflorus"
"9201062","Juncus compressus"
"9201063","Juncus conglomeratus"
"9201067","Juncus effusus"
"9201068","Juncus filiformis"
"9201057.3000000007","Juncus foliosus"
"9201069","Juncus gerardii"
"20000663","Juncus hybrids"
"9201070","Juncus inflexus"
"9201072","Juncus maritimus"
"9201073","Juncus pygmaeus"
"9201075","Juncus squarrosus"
"9201076","Juncus subnodulosus"
"9201077","Juncus tenuis"
"9201078","Juncus trifidus"
"9201079","Juncus triglumis"
"810947","Jungermannia atrovirens"
"810942","Jungermannia exsertifolia"
"810943","Jungermannia gracillima"
"810877","Jungermannia obovata"
"810946","Jungermannia sphaerocarpa"
"9201080","Juniperus communis"
"9201080.1999999993","Juniperus communis subsp.alpina"
"9201080.0999999996","Juniperus communis subsp.communis"
"9204378","Kerria japonica"
"820199","Kiaeria falcata"
"820209","Kiaeria starkei"
"200001631","Kickxia [spp]"
"9201082","Kickxia elatine"
"9201083","Kickxia spuria"
"9201084","Knautia arvensis"
"9201085","Kobresia simpliciuscula"
"200001224","Koeleria [spp]"
"9201087","Koeleria macrantha"
"9201088","Koeleria vallesiana"
"9201089","Koenigia islandica"
"810808","Kurzia pauciflora"
"810810","Kurzia trichoclados"
"9201091","Laburnum anagyroides"
"200001632","Lactuca [spp]"
"9201092","Lactuca saligna"
"9201094","Lactuca serriola"
"9201095","Lactuca virosa"
"9201096","Lagarosiphon major"
"920862","Lamiastrum galeobdolon"
"9205009","Lamium [spp]"
"9201098","Lamium album"
"9201099","Lamium amplexicaule"
"9201102","Lamium confertum"
"9201100","Lamium hybridum"
"9201101","Lamium maculatum"
"9201103","Lamium purpureum"
"9201104","Lapsana communis"
"9204442","Larix [spp]"
"9204442","Larix [spp] (c)"
"9204442","Larix [spp] (g)"
"9201105","Larix decidua (c)"
"9201105","Larix decidua (g)"
"9201105","Larix decidua (s)"
"9202302","Larix kaempferi"
"9202302","Larix kaempferi (c)"
"9202303","Larix x eurolepis (c)"
"9202303","Larix x eurolepis (s)"
"9201107","Lathraea squamaria"
"9201108","Lathyrus aphaca"
"9201110","Lathyrus japonicus"
"9201111","Lathyrus latifolius"
"9201112","Lathyrus linifolius"
"9201114","Lathyrus nissolia"
"9201115","Lathyrus palustris"
"9201116","Lathyrus pratensis"
"9204537","Lathyrus seedling/sp"
"9201117","Lathyrus sylvestris"
"9201118","Lathyrus tuberosus"
"9202427","Laurus nobilis"
"9201119","Lavatera arborea"
"9201120","Lavatera cretica"
"9201123","Leersia oryzoides"
"9201124","Legousia hybrida"
"810794","Leiocolea alpestris"
"810790","Leiocolea badensis"
"810791","Leiocolea bantriensis"
"810804","Lejeunea ulicina"
"9204538","Lemna [spp]"
"9201125","Lemna gibba"
"9201126","Lemna minor"
"9202300","Lemna minuta"
"9201128","Lemna trisulca"
"9204539","Leontodon [spp]"
"9201129","Leontodon autumnalis"
"9201130","Leontodon hispidus"
"200001481","Leontodon hispidus/saxatilis"
"9201131","Leontodon saxatilis"
"9201133","Lepidium campestre"
"920333","Lepidium draba"
"9201139","Lepidium heterophyllum"
"9201135","Lepidium latifolium"
"9201137","Lepidium ruderale"
"8101306","Lepidozia [spp]"
"810805","Lepidozia pearsonii"
"810807","Lepidozia reptans"
"820368","Leptodontium flexifolium"
"820505","Lescuraea incurvata"
"920502","Leucanthemum vulgare"
"820374","Leucobryum glaucum"
"9201140","Leucojum aestivum"
"9201141","Leucojum vernum"
"9201142","Leycesteria formosa"
"920682","Leymus arenarius"
"9201143","Ligusticum scoticum"
"9205026","Ligustrum [spp]"
"9202250","Ligustrum ovalifolium"
"9201144","Ligustrum vulgare"
"9201144","Ligustrum vulgare (g)"
"9201145","Lilium martagon"
"200001633","Lilium regale"
"20000962","Lilium speciosum"
"200001634","Limonium [spp]"
"9201150","Limonium auriculae-ursifolium"
"9201147","Limonium bellidifolium"
"9201148","Limonium binervosum agg."
"9202532","Limonium binervosum sens.str."
"9202533","Limonium britannicum"
"9202534","Limonium dodartiforme"
"9201149","Limonium humile"
"9202535","Limonium loganicum"
"9202562","Limonium normannicum"
"9201151","Limonium paradoxum"
"9202536","Limonium parvum"
"9202537","Limonium procerum"
"9201152","Limonium recurvum"
"9201153","Limonium transwallianum"
"9201154","Limonium vulgare"
"9201155","Limosella aquatica"
"9201157","Limosella australis"
"9205031","Linaria [spp]"
"9201159","Linaria pelisseriana"
"9201160","Linaria purpurea"
"9201161","Linaria repens"
"9201164","Linaria vulgaris"
"9201165","Linnaea borealis"
"9205033","Linum [spp]"
"9201168","Linum bienne"
"9201169","Linum catharticum"
"9201167","Linum perenne"
"9201170","Linum usitatissimum"
"9201171","Liparis loeselii"
"200001635","Listera [spp]"
"9201172","Listera cordata"
"9201173","Listera ovata"
"920278","Lithospermum arvense"
"9201174","Lithospermum officinale"
"920279","Lithospermum purpureocaeruleum"
"9201175","Littorella uniflora"
"9201176","Lloydia serotina"
"9201177","Lobelia dortmanna"
"9201178","Lobelia urens"
"9201179","Lobularia maritima"
"9201180","Loiseleuria procumbens"
"9201182","Lolium multiflorum"
"9201181","Lolium multiflorum x perenne (L. x boucheanum)"
"9201183","Lolium perenne"
"200001636","Lonicera [spp]"
"9201187","Lonicera japonica"
"9202613","Lonicera nitida"
"9201188","Lonicera periclymenum"
"9201188","Lonicera periclymenum (c)"
"9201188","Lonicera periclymenum (g)"
"9201189","Lonicera xylosteum"
"8101308","Lophocolea [spp]"
"8101056","Lophocolea bidentata sens.lat."
"810812","Lophocolea bidentata var.bidentata"
"810814","Lophocolea heterophylla"
"810821","Lophozia obtusa"
"810815","Lophozia sudetica"
"810824","Lophozia ventricosa"
"9205044","Lotus [spp]"
"9201190","Lotus angustissimus"
"9201191","Lotus corniculatus"
"9201193","Lotus glaber"
"9201194","Lotus pedunculatus"
"9201192","Lotus subbiflorus"
"9201042","Ludwigia palustris"
"810826","Lunularia cruciata"
"9201196","Lupinus arboreus"
"9201198","Luronium natans"
"200001141","Luzula [spp]"
"9201199","Luzula arcuata"
"9201201","Luzula campestris"
"9205049","Luzula campestris/multiflora"
"9201202","Luzula forsteri"
"9201204","Luzula multiflora"
"9201206","Luzula pallidula"
"9201207","Luzula pilosa"
"9201208","Luzula spicata"
"9201209","Luzula sylvatica"
"9202221","Lychnis alpina"
"9201210","Lychnis flos-cuculi"
"9202222","Lychnis viscaria"
"9201212","Lycium barbarum"
"9201211","Lycium chinense"
"9204359","Lycopersicon esculentum"
"9101216","Lycopodiella inundata"
"9104641","Lycopodium [spp]"
"9101214","Lycopodium annotinum"
"9101215","Lycopodium clavatum"
"9201219","Lycopus europaeus"
"9202619","Lysichiton americanus"
"9201221","Lysimachia nemorum"
"9201222","Lysimachia nummularia"
"9201223","Lysimachia punctata"
"9205055","Lysimachia seedling/sp"
"9201350","Lysimachia thyrsiflora"
"9201225","Lysimachia vulgaris"
"9201226","Lythrum hyssopifolia"
"9201444","Lythrum portula"
"9201227","Lythrum salicaria"
"9201228","Mahonia aquifolium"
"200001249","Mahonia japonica"
"9201229","Maianthemum bifolium"
"9204439","Maize"
"200001637","Malus [spp]"
"9201230.0999999996","Malus domestica"
"9201230","Malus sylvestris"
"9201230","Malus sylvestris (c)"
"200001638","Malva [spp]"
"9201232","Malva moschata"
"9201233","Malva neglecta"
"9201235","Malva pusilla"
"9201236","Malva sylvestris"
"8101311","Marchantia [spp]"
"810827","Marchantia polymorpha"
"9208025","Marrow"
"9201238","Marrubium vulgare"
"810841","Marsupella brevissima"
"810831","Marsupella emarginata"
"810842","Mastigophora woodsii"
"200001639","Matricaria [spp]"
"9201242","Matricaria discoidea"
"9201239","Matricaria recutita"
"9201244","Matthiola incana"
"9201245","Matthiola sinuata"
"9201246","Meconopsis cambrica"
"9205065","Medicago [spp]"
"9201247","Medicago arabica"
"9201250","Medicago lupulina"
"9201251","Medicago minima"
"9201249","Medicago polymorpha"
"9201252","Medicago sativa"
"9207129","Medicago sativa (sativa x falcata)"
"9201253","Medicago sativa subsp. varia"
"9201248","Medicago sativa subsp.falcata"
"820377","Meesia uliginosa"
"200001640","Melampyrum [spp]"
"9201254","Melampyrum arvense"
"9201255","Melampyrum cristatum"
"9201256","Melampyrum pratense"
"9201257","Melampyrum sylvaticum"
"9201262","Melica nutans"
"9201263","Melica uniflora"
"9204541","Melilotus [spp]"
"9201264","Melilotus albus"
"9201265","Melilotus altissimus"
"9201267","Melilotus officinalis"
"9201269","Melittis melissophyllum"
"9204443","Mentha 'other hybrids'"
"9204443","Mentha [spp]"
"9201272","Mentha aquatica"
"9201273","Mentha arvensis"
"9201280","Mentha pulegium"
"9201282","Mentha rotundifolia"
"9201285","Mentha spicata"
"9201282","Mentha suaveolens"
"9201289","Menyanthes trifoliata"
"9201290","Mercurialis annua"
"9201291","Mercurialis perennis"
"9201292","Mertensia maritima"
"810845","Metzgeria furcata"
"810846","Metzgeria leptoneura"
"9201294","Meum athamanticum"
"9201295","Mibora minima"
"5503335","Micarea ligniaria"
"9201296","Milium effusum"
"9201297","Milium vernale"
"200001641","Mimosa [spp]"
"9204328","Mimulus guttatus"
"9201299","Mimulus luteus"
"9201300","Mimulus moschatus"
"9201298","Mimulus seedling/sp"
"9201303","Minuartia hybrida"
"9202270","Minuartia recurva"
"9201301","Minuartia rubella"
"920501","Minuartia sedoides"
"9201302","Minuartia stricta"
"9201304","Minuartia verna"
"920128","Misopates orontium"
"8201183","Mnium [spp]"
"820382","Mnium hornum"
"9201305","Moehringia trinervia"
"9201306","Moenchia erecta"
"810849","Moerckia blyttii"
"810850","Moerckia hibernica"
"9201307","Molinia caerulea"
"9201308","Moneses uniflora"
"9201310","Monotropa hypopitys"
"9201311","Monotropa hypopitys subsp.hypopitys"
"20000993","Montbretia [spp]"
"200001642","Montia [spp]"
"9201312","Montia fontana"
"9201313","Muscari neglectum"
"9201315","Mycelis muralis"
"8101317","Mylia [spp]"
"810852","Mylia anomala"
"810854","Mylia taylorii"
"9201316","Myosotis alpestris"
"9201317","Myosotis arvensis"
"9201321","Myosotis discolor"
"9201319","Myosotis laxa"
"9201320","Myosotis ramosissima"
"9201322","Myosotis scorpioides"
"9201323","Myosotis secunda"
"9204542","Myosotis seedling/sp"
"9201324","Myosotis sicula"
"9201318","Myosotis stolonifera"
"9201325","Myosotis sylvatica"
"9201326","Myosoton aquaticum"
"9201327","Myosurus minimus"
"9201328","Myrica gale"
"9204543","Myriophyllum [spp]"
"9201330","Myriophyllum alterniflorum"
"9201331","Myriophyllum spicatum"
"9201332","Myriophyllum verticillatum"
"9201333","Myrrhis odorata"
"820399","Myurium hochstetteri"
"9201334","Najas flexilis"
"9201336","Najas marina"
"9202614","Narcissus agg."
"9205478","Narcissus pseudonarcissus"
"9201343","Narcissus pseudonarcissus subsp.pseudonarcissus"
"810858","Nardia scalaris"
"9201344","Nardus stricta"
"9201345","Narthecium ossifragum"
"200001290","Nasturtium [spp]"
"820401","Neckera complanata"
"820402","Neckera crispa"
"9201351","Neotinea maculata"
"9201352","Neottia nidus-avis"
"9201353","Nepeta cataria"
"720309","Nitella [spp]"
"810859","Nowellia curvifolia"
"9201356","Nuphar lutea"
"9201357","Nuphar pumila"
"9201358","Nymphaea alba"
"9201358","Nymphaea alba"
"9201360","Nymphoides peltata"
"5503880","Ochrolechia frigida"
"5503886","Ochrolechia tartarea"
"200001643","Odontites [spp]"
"9201361","Odontites vernus"
"9201361.0999999996","Odontites vernus subsp.serotinus"
"200001523","Odontoschisma [spp]"
"810860","Odontoschisma denudatum"
"810863","Odontoschisma sphagni"
"9205109","Oenanthe [spp]"
"9201362","Oenanthe aquatica"
"9201363","Oenanthe crocata"
"9201364","Oenanthe fistulosa"
"9201365","Oenanthe fluviatilis"
"9201366","Oenanthe lachenalii"
"9201367","Oenanthe pimpinelloides"
"9201368","Oenanthe silaifolia"
"9201370","Oenothera biennis"
"9201371","Oenothera glazioviana"
"920251.09999999998","Oil seed rape"
"820407","Oligotrichum hercynicum"
"820408","Oncophorus virens"
"9201375","Onobrychis viciifolia"
"9201376","Ononis reclinata"
"9201377","Ononis repens"
"9201378","Ononis spinosa"
"9201379","Onopordum acanthium"
"9101381.0999999996","Ophioglossum azoricum"
"9101380","Ophioglossum lusitanicum"
"9101381.1999999993","Ophioglossum vulgatum"
"9201382","Ophrys apifera"
"9201383","Ophrys fuciflora"
"9201384","Ophrys insectifera"
"9201385","Ophrys sphegodes"
"9201386","Orchis laxiflora"
"9201387","Orchis mascula"
"9201388","Orchis militaris"
"9201389","Orchis morio"
"9201390","Orchis purpurea"
"9201391","Orchis simia"
"9201392","Orchis ustulata"
"9102051","Oreopteris limbosperma"
"9201393","Origanum vulgare"
"9205118","Ornithogalum [spp]"
"9201396","Ornithogalum angustifolium"
"9201395","Ornithogalum pyrenaicum"
"9201397","Ornithopus perpusillus"
"9201398","Ornithopus pinnatus"
"200001585","Orobanche [spp]"
"9201399","Orobanche alba"
"9201405","Orobanche artemisiae-campestris"
"9201400","Orobanche caryophyllacea"
"9201401","Orobanche elatior"
"9201402","Orobanche hederae"
"9201404","Orobanche minor"
"9201406","Orobanche purpurea"
"9201408","Orobanche rapum-genistae"
"9201409","Orobanche reticulata"
"9201410","Orthilia secunda"
"820411","Orthodontium lineare"
"820412","Orthothecium intricatum"
"820413","Orthothecium rufescens"
"820415","Orthotrichum anomalum"
"9101411","Osmunda regalis"
"9201412","Otanthus maritimus"
"200001644","Oxalis [spp]"
"9201413","Oxalis acetosella"
"9201415","Oxalis articulata"
"9201414","Oxalis corniculata"
"9202519","Oxalis debilis"
"9202517","Oxalis dillenii"
"9202518","Oxalis incarnata"
"9202520","Oxalis latifolia"
"9202523","Oxalis pes-caprae"
"9201416","Oxalis stricta"
"9201420","Oxyria digyna"
"9201421","Oxytropis campestris"
"9201422","Oxytropis halleri"
"9204435","Panicum miliaceum"
"9205129","Papaver [spp]"
"9201424","Papaver argemone"
"9207046","Papaver dubium"
"9201426","Papaver dubium subsp.dubium"
"9201429","Papaver dubium subsp.lecoqii"
"9201427","Papaver hybridum"
"9201430","Papaver rhoeas"
"9201431","Papaver somniferum"
"9201432","Parapholis incurva"
"9201433","Parapholis strigosa"
"9201434","Parentucellia viscosa"
"9201435","Parietaria judaica"
"9201436","Paris quadrifolia"
"5505328","Parmelia [spp]"
"5503411","Parmelia saxatilis"
"9201437","Parnassia palustris"
"9201440","Pastinaca sativa"
"200001645","Pedicularis [spp]"
"9201441","Pedicularis palustris"
"9201442","Pedicularis sylvatica"
"8101323","Pellia [spp]"
"8101323","Pellia cf. endiviifolia"
"8101323","Pellia cf. epiphylla"
"8101323","Pellia cf. neesiana"
"810868","Pellia endiviifolia"
"810867","Pellia epiphylla"
"5505248","Peltigera [spp]"
"5503834","Peltigera aphthosa"
"5503836","Peltigera canina"
"5503841","Peltigera horizontalis"
"5503849","Peltigera praetextata"
"5503850","Peltigera rufescens"
"200001074","Pelvetia canescens"
"9201443","Pentaglottis sempervirens"
"9201521","Persicaria amphibia"
"9201525","Persicaria bistorta"
"9201530","Persicaria hydropiper"
"9201535","Persicaria laxiflora"
"9201537","Persicaria maculosa"
"9201534","Persicaria minor"
"9201543","Persicaria vivipara"
"9201538","Persicaria wallichii"
"810870","Petalophyllum ralfsii"
"9201445","Petasites albus"
"9201446","Petasites fragrans"
"9201447","Petasites hybridus"
"9201090.0999999996","Petrorhagia nanteuilii"
"9201090.1999999993","Petrorhagia prolifera"
"200001646","Petroselinum [spp]"
"9201449","Petroselinum crispum"
"9201450","Petroselinum segetum"
"9201451","Peucedanum officinale"
"9201453","Peucedanum palustre"
"200001647","Phalaris [spp]"
"9201454","Phalaris arundinacea"
"9201455","Phalaris canariensis"
"9201456","Phalaris minor"
"820433","Phascum curvicolle"
"820434","Phascum cuspidatum"
"820435","Phascum floerkeanum"
"9102053","Phegopteris connectilis"
"8201199","Philonotis [spp]"
"820437","Philonotis calcarea"
"820439","Philonotis fontana"
"9204587","Phleum [spp]"
"9201460","Phleum alpinum"
"9201459","Phleum arenarium"
"9201461","Phleum bertolonii"
"9201462","Phleum phleoides"
"9202247","Phleum pratense sens.lat."
"9201465","Phragmites australis"
"9101466","Phyllitis scolopendrium"
"9201467","Phyllodoce caerulea"
"820442","Physcomitrella patens"
"820443","Physcomitrium pyriforme"
"920616","Physospermum cornubiense"
"9201469","Phyteuma orbiculare"
"9201468","Phyteuma spicatum"
"9205155","Picea [spp]"
"9201470","Picea abies"
"9201470","Picea abies (c)"
"9201470","Picea abies (g)"
"9202401","Picea sitchensis"
"9202401","Picea sitchensis (c)"
"9201471","Picris echioides"
"9201472","Picris hieracioides"
"9204516","Pilosella aurantiaca"
"9203083","Pilosella flagellaris"
"920976","Pilosella officinarum"
"9203144","Pilosella peleteriana"
"9101474","Pilularia globulifera"
"200001648","Pimpinella [spp]"
"9201475","Pimpinella major"
"9201476","Pimpinella saxifraga"
"9201477","Pinguicula alpina"
"9201478","Pinguicula grandiflora"
"9201480","Pinguicula lusitanica"
"9201481","Pinguicula vulgaris"
"9204546","Pinus [spp]/seedling"
"9202402","Pinus contorta"
"9202402.1999999993","Pinus contorta var latifloia (c)"
"9201482","Pinus nigra"
"9201482","Pinus nigra (c)"
"9201483","Pinus pinaster"
"9201484","Pinus sylvestris"
"9201484","Pinus sylvestris (c)"
"9201484","Pinus sylvestris (g)"
"9204365","Pisum sativum"
"5503461","Placynthiella icmalea"
"5503462","Placynthiella oligotropha"
"5503463","Placynthiella uliginosa"
"820446","Plagiobryum zieri"
"200001105","Plagiochila [spp]"
"810872.19999999995","Plagiochila asplenioides"
"810872","Plagiochila asplenioides sens.lat."
"810871","Plagiochila atlantica"
"810786","Plagiochila carringtonii"
"810875","Plagiochila exigua"
"810874.19999999995","Plagiochila killarniensis"
"810872.09999999998","Plagiochila porelloides"
"810873","Plagiochila punctata"
"810874","Plagiochila spinulosa agg."
"200001447","Plagiomnium [spp]"
"820379","Plagiomnium affine"
"820392","Plagiomnium elatum"
"820391","Plagiomnium ellipticum"
"820383","Plagiomnium rostratum"
"820395","Plagiomnium undulatum"
"820447","Plagiopus oederi"
"20000994","Plagiothecium [spp]"
".","Plagiothecium [spp]"
"820449","Plagiothecium denticulatum"
"820456","Plagiothecium nemorale"
"820458","Plagiothecium succulentum"
"820459","Plagiothecium undulatum"
"200001649","Plantago [spp]"
"9201485","Plantago coronopus"
"9201487","Plantago lanceolata"
"9201488","Plantago major"
"9201489","Plantago maritima"
"9201490","Plantago media"
"200001650","Platanthera [spp]"
"9201492","Platanthera bifolia"
"9201493","Platanthera chlorantha"
"9202407","Platanus x hispanica (P. occidentalis x orientalis)"
"820461","Pleuridium subulatum"
"810880","Pleurocladula albescens"
"810881","Pleurozia purpurea"
"820463","Pleurozium schreberi"
"9204547","Poa [spp]"
"9201494","Poa alpina"
"9201506.1999999993","Poa angustifolia"
"9201495","Poa annua"
"9201497","Poa bulbosa"
"9201498","Poa chaixii"
"9201499","Poa compressa"
"9201500","Poa flexuosa"
"9201501","Poa glauca"
"9201506.5","Poa humilis"
"9201502","Poa infirma"
"9201504","Poa nemoralis"
"200001593","Poa nemoralis/trivialis"
"9201505","Poa palustris"
"9201506","Poa pratensis sens.lat."
"9201507","Poa trivialis"
"820479","Pogonatum aloides"
"820489","Pogonatum urnigerum"
"8201213","Pohlia [spp]"
"820470","Pohlia carnea"
"820468","Pohlia cruda"
"820471","Pohlia drummondii"
"820474","Pohlia ludwigii"
"820475","Pohlia nutans"
"820477","Pohlia proligera sensu Smith -1978"
"820465","Pohlia wahlenbergii"
"820465.30000000005","Pohlia wahlenbergii var.glacialis"
"9201508","Polemonium caeruleum"
"9201509","Polycarpon diphyllum"
"9201509","Polycarpon tetraphyllum"
"9204548","Polygala [spp]"
"9201510","Polygala amarella"
"9201512","Polygala calcarea"
"9201515","Polygala oxyptera"
"9201514","Polygala serpyllifolia"
"9201515","Polygala vulgaris"
"20000323","Polygala vulgaris/serpyllifolia"
"9201516","Polygonatum multiflorum"
"9201518","Polygonatum odoratum"
"9201519","Polygonatum verticillatum"
"9204549","Polygonum [spp]"
"9201520","Polygonum arenastrum"
"9201522","Polygonum aviculare agg."
"9202269","Polygonum boreale"
"9201531","Polygonum lapathifolium"
"9201533","Polygonum maritimum"
"9201531","Polygonum nodosum"
"9201539","Polygonum oxyspermum"
"9201540","Polygonum rurivagum"
"200001676","Polypodium [spp]"
"9101544.0999999996","Polypodium cambricum"
"9101544.3000000007","Polypodium interjectum"
"9101544","Polypodium vulgare sens.lat."
"9101544.1999999993","Polypodium vulgare sens.str."
"9201545","Polypogon monspeliensis"
"9104651","Polystichum [spp]"
"9101546","Polystichum aculeatum"
"9101547","Polystichum lonchitis"
"9101548","Polystichum setiferum"
"20000330","Polystichum setiferum/aculeatum"
"8201214","Polytrichum [spp]"
"820480","Polytrichum alpestre"
"820481","Polytrichum alpinum"
"820482","Polytrichum commune"
"820483","Polytrichum formosum"
"820484","Polytrichum gracile"
"820485","Polytrichum juniperinum"
"820484","Polytrichum longisetum"
"820488","Polytrichum piliferum"
"820487","Polytrichum sexangulare"
"200001212","Polytrichum urnigerum"
"200001652","Populus (cultivar)"
"9201549","Populus alba"
"9201551","Populus canescens"
"9201551","Populus canescens (s)"
"9204313","Populus nigra"
"9201554","Populus nigra subsp.betulifolia"
"9201555","Populus tremula"
"9201555","Populus tremula (g)"
"9201555","Populus tremula (s)"
"200001653","Porella [spp]"
"810885","Porella platyphylla"
"9204551","Potamogeton 'hybrids'"
"9204551","Potamogeton [spp]"
"9201557","Potamogeton acutifolius"
"9201558","Potamogeton alpinus"
"9201559","Potamogeton berchtoldii"
"9201561","Potamogeton coloratus"
"9201562","Potamogeton compressus"
"9201563","Potamogeton crispus"
"9201565","Potamogeton epihydrus"
"9201566","Potamogeton filiformis"
"9201567","Potamogeton friesii"
"9201568","Potamogeton gramineus"
"9201569","Potamogeton lucens"
"9201570","Potamogeton natans"
"9201572","Potamogeton nodosus"
"9201573","Potamogeton obtusifolius"
"9201574","Potamogeton pectinatus"
"9201575","Potamogeton perfoliatus"
"9201576","Potamogeton polygonifolius"
"9201577","Potamogeton praelongus"
"9201578","Potamogeton pusillus"
"9201579","Potamogeton rutilus"
"9201581","Potamogeton trichoides"
"9205173","Potentilla [spp]"
"9201583","Potentilla anglica"
"9201584","Potentilla anserina"
"9201585","Potentilla argentea"
"9201587","Potentilla crantzii"
"9201588","Potentilla erecta"
"9201589","Potentilla fruticosa"
"9201597","Potentilla neumanniana"
"9201592","Potentilla palustris"
"9201594","Potentilla reptans"
"9201595","Potentilla rupestris"
"9201596","Potentilla sterilis"
"8201215","Pottia [spp]"
"820497","Pottia intermedia"
"820500","Pottia starkeana"
"820500.09999999998","Pottia starkeana subsp.conica"
"820501","Pottia truncata"
"810887","Preissia quadrata"
"200001654","Primula [spp]"
"9201600","Primula elatior"
"9201602","Primula elatior x vulgaris (P. x digenea)"
"9201603","Primula farinosa"
"9201604","Primula scotica"
"200001594","Primula scotica/farinosa"
"9201605","Primula veris"
"9201607","Primula vulgaris"
"9201610","Prunella vulgaris"
"9204552","Prunus [spp]"
"9201611","Prunus avium"
"9201611","Prunus avium (c)"
"9201611","Prunus avium (g)"
"9201612","Prunus cerasifera"
"9201613","Prunus cerasus"
"9201614","Prunus domestica"
"9201614","Prunus domestica (g)"
"9201615","Prunus laurocerasus"
"9202618","Prunus lusitanica"
"9201616","Prunus padus"
"9201616","Prunus padus (c)"
"9201616","Prunus padus (g)"
"9201617","Prunus spinosa"
"9201617","Prunus spinosa (c)"
"9201617","Prunus spinosa (g)"
"920556","Pseudofumaria lutea"
"920947","Pseudorchis albida"
"820507","Pseudoscleropodium purum"
"9205178","Pseudotsuga [spp]"
"9201618","Pseudotsuga menziesii"
"9201618","Pseudotsuga menziesii (c)"
"9101619","Pteridium aquilinum"
"810888","Ptilidium ciliare"
"820512","Ptilium crista-castrensis"
"820514","Ptychomitrium polyphyllum"
"9205179","Puccinellia [spp]"
"9201620","Puccinellia distans"
"9201621","Puccinellia fasciculata"
"9201622","Puccinellia maritima"
"9201624","Puccinellia rupestris"
"9201625","Pulicaria dysenterica"
"9201626","Pulicaria vulgaris"
"9201627","Pulmonaria longifolia"
"9205437","Pulmonaria obscura"
"9201628","Pulmonaria officinalis"
"920106","Pulsatilla vulgaris"
"5503487","Pycnothelia papillaria"
"200001655","Pyrola [spp]"
"9201630","Pyrola media"
"9201631","Pyrola minor"
"9205438","Pyrola rotundifolia"
"200001656","Pyrus [spp]"
".","Pyrus communis"
"9201633","Pyrus communis"
"9201634","Pyrus cordata"
"200001191","Pyrus cultivar"
".","Quercus cerris"
"9201635","Quercus cerris"
"9201635","Quercus cerris (g)"
".","Quercus ilex"
"9201637","Quercus ilex"
"9201638","Quercus petraea"
"9201638","Quercus petraea (c)"
"9201638","Quercus petraea (g)"
"9201639","Quercus petraea x robur (g)"
"9201639","Quercus petraea x robur (s)"
"9201640","Quercus robur"
"9201640","Quercus robur (c)"
"9201640","Quercus robur (g)"
"9201639","Quercus robur x petraea (c)"
"9202419","Quercus rubra"
"9204446","Quercus seedling/sp"
"8201226","Racomitrium [spp]"
"820520","Racomitrium aquaticum"
"820521","Racomitrium canescens sens.lat."
"820523","Racomitrium fasciculare"
"820524","Racomitrium heterostichum sens.lat."
"820525","Racomitrium lanuginosum"
"9201641","Radiola linoides"
"5506031","Ramalina [spp]"
"9201642","Ranunculus acris"
"9201643.0999999996","Ranunculus aquatilis"
"9201644","Ranunculus arvensis"
"9201645","Ranunculus auricomus"
"9201646","Ranunculus baudotii"
"9201647","Ranunculus bulbosus"
"9201648","Ranunculus circinatus"
"9201649","Ranunculus ficaria"
"9201651","Ranunculus flammula"
"9201652","Ranunculus fluitans"
"9201653","Ranunculus hederaceus"
"9201655","Ranunculus lingua"
"9207525","Ranunculus marginatus"
"9201657","Ranunculus muricatus"
"9201654","Ranunculus omiophyllus"
"9201658","Ranunculus ophioglossifolius"
"9201650","Ranunculus paludosus"
"9201659","Ranunculus parviflorus"
"9201643.1999999993","Ranunculus peltatus"
"9201643.3000000007","Ranunculus penicillatus"
"9201643.5999999996","Ranunculus penicillatus var calcareus"
"9201643.5999999996","Ranunculus pseudofluitans"
"9201660","Ranunculus repens"
"9201661","Ranunculus reptans"
"9201662","Ranunculus sardous"
"9201663","Ranunculus sceleratus"
"9204555","Ranunculus seedling/sp"
"9201664","Ranunculus trichophyllus"
"9201665","Ranunculus tripartitus"
"9205187","Raphanus [spp]"
"9205481","Raphanus raphanistrum"
"9201666","Raphanus raphanistrum subsp.maritimus"
"810896","Reboulia hemisphaerica"
"200001657","Reseda [spp]"
"9201672","Reseda lutea"
"9201673","Reseda luteola"
"9201674","Reseda phyteuma"
"9201675","Rhamnus cathartica"
"200001104","Rheum [spp]"
"9205193","Rhinanthus [spp]"
"9201683","Rhinanthus angustifolius"
"9201678","Rhinanthus minor"
"200001449","Rhizomnium [spp]"
"820388","Rhizomnium pseudopunctatum"
"820389","Rhizomnium punctatum"
"820527","Rhodobryum roseum"
"9205194","Rhododendron [spp]"
"9201687","Rhododendron ponticum"
"9201687","Rhododendron ponticum (c)"
"9201687","Rhododendron ponticum (g)"
"9201691","Rhynchospora alba"
"9201692","Rhynchospora fusca"
"820245","Rhynchostegium confertum"
"820248","Rhynchostegium murale"
"820251","Rhynchostegium riparioides"
"200001658","Rhytidiadelphus [spp]"
"820532","Rhytidiadelphus loreus"
"820533","Rhytidiadelphus squarrosus"
"820534","Rhytidiadelphus triquetrus"
"820535","Rhytidium rugosum"
"200001596","Ribes [spp]"
"9201693","Ribes alpinum"
"9201694","Ribes nigrum"
"200001589","Ribes nigrum/rubrum"
"9201696","Ribes rubrum"
"9201696","Ribes rubrum (g)"
"9201695","Ribes spicatum"
"9201697","Ribes uva-crispa"
"200001244","Riccardia [spp]"
"810902","Riccardia chamedryfolia"
"810899","Riccardia multifida"
"8101335","Riccia [spp]"
"810903","Riccia beyrichiana"
"810971","Riccia cavernosa"
"810909","Riccia fluitans"
"810910","Riccia glauca"
"810915","Riccia sorocarpa"
"810917","Ricciocarpos natans"
"9201698","Robinia pseudoacacia"
"9201700","Romulea columnae"
"9204556","Rorippa [spp]"
"9201701","Rorippa amphibia"
"9202546","Rorippa islandica sens.str."
"9201346","Rorippa microphylla"
"9201348","Rorippa nasturtium-aquaticum agg."
"9201347","Rorippa nasturtium-aquaticum sens.str."
"9201703","Rorippa palustris"
"9201704","Rorippa sylvestris"
"9201706","Rosa agrestis"
"9201707","Rosa arvensis"
"9207533","Rosa caesia"
"9201708","Rosa canina (g)"
"9201708","Rosa canina (s)"
"9201708","Rosa canina agg."
"9201709","Rosa canina sens.str."
"9201706","Rosa elliptica"
"9201712","Rosa micrantha"
"9201713","Rosa obtusifolia"
"9201719","Rosa pimpinellifolia"
"9201714","Rosa rubiginosa agg."
"9201715","Rosa rubiginosa sens.str."
"9201716","Rosa rugosa"
"9201705","Rosa seedling/sp"
"9201718","Rosa sherardii"
"9201720","Rosa stylosa"
"9201721","Rosa tomentosa"
"9201722","Rosa villosa agg (g)"
"9201722","Rosa villosa agg."
"9201725","Rubia peregrina"
"200001659","Rubus [spp]"
"9201728","Rubus abietinus (app)"
"9201728","Rubus adornatus (app)"
"9201728","Rubus alteriflorus (sil)"
"9201728","Rubus amoenus (app)"
"9201728","Rubus analogus (app)"
"9201728","Rubus angustifrons (app)"
"9201728","Rubus apiculatus (app)"
"9201728","Rubus apricus (app)"
"9202293","Rubus arcticus"
"9201728","Rubus axillaris (sil)"
"9201728","Rubus bifrons (dis)"
"9201728","Rubus bracteosus (sil)"
"9201726","Rubus caesius"
"9201728","Rubus caliculatus (app)"
"9201728","Rubus chaerophyllus (sil)"
"9201727","Rubus chamaemorus"
"9201728","Rubus chloocladus (dis)"
"9201728","Rubus chlorothyrsos (sil)"
"9201728","Rubus conspicuus (app)"
"9201728","Rubus corymbosus (app)"
"9201728","Rubus cruentatus (app)"
"9201728","Rubus cuspidifer (dis)"
"9201728","Rubus discolor (dis)"
"9201728","Rubus entomodontos (app)"
"9201728","Rubus eriostachys (app)"
"9201728","Rubus euchloos (sil)"
"9201728","Rubus festivus (app)"
"9201728","Rubus foliosus (app)"
"9201728","Rubus fruticosus agg (g)"
"9201728","Rubus fruticosus agg."
"9201728","Rubus fruticosus appendiculati (g)"
"9201728","Rubus fruticosus glandulosi (g)"
"9201728","Rubus fruticosus sect. appendiculati"
"9201728","Rubus fruticosus sect. discolores"
"9201728","Rubus fruticosus sect. glandulosi"
"9201728","Rubus fruticosus sect. suberecti"
"9201728","Rubus fruticosus sect. sylvatici"
"9201728","Rubus fruticosus sect. triviales"
"9201728","Rubus fruticosus sylvatici (g)"
"9201728","Rubus fuscater (app)"
"9201728","Rubus gelertii (sil)"
"9201728","Rubus genevieri (app)"
"9201728","Rubus geniculatus (dis)"
"9201728","Rubus glandulosus (app)"
"9201728","Rubus godronii (dis)"
"9201728","Rubus granulatus (app)"
"9201728","Rubus gremlii (app)"
"9201728","Rubus guentheri (app)"
"9201728","Rubus hebecarpos (app)"
"9201728","Rubus helveticus (app)"
"9201728","Rubus hirsutus (app)"
"9201728","Rubus hirtus (app)"
"9201728","Rubus histrix (app)"
"9201728","Rubus humifusus (app)"
"9201728","Rubus hypomalacus (sil)"
"9201729","Rubus idaeus"
"9201728","Rubus incultus"
"9201728","Rubus infestans (app)"
"9201728","Rubus inopacatus (app)"
"9201728","Rubus inserticatus (app)"
"9201728","Rubus koehleri (app)"
"9201728","Rubus langei (sil)"
"9201728","Rubus lasiothyrsus (sil)"
"9201728","Rubus lejeunei (app)"
"9201728","Rubus lusaticus (app)"
"9201728","Rubus maassii (sil)"
"9201728","Rubus macrostachys (app)"
"9201728","Rubus majusculus (sil)"
"9201728","Rubus melanoxylon (app)"
"9201728","Rubus mercieri (sil)"
"9201728","Rubus muenteri (sil)"
"9201728","Rubus mulleri (app)"
"9201728","Rubus neesensis (sub)"
"9201728","Rubus nemorensis (sil)"
"9201728","Rubus obscurus (app)"
"9201728","Rubus oigocladus (app)"
"9201728","Rubus opacus (sub)"
"9201728","Rubus pedatifolius (sil)"
"9201728","Rubus pilocarpus (app)"
"9201728","Rubus podophyllos (app)"
"9201728","Rubus pygmaeopsis (app)"
"9201728","Rubus salisbergensis (app)"
"9201730","Rubus saxatilis"
"9201728","Rubus schlechtendalii (sil)"
"9201728","Rubus schleicheri (app)"
"9201728","Rubus schmidelyanus (app)"
"9201728","Rubus serratulifolius (app)"
"9201728","Rubus silesiacus (sil)"
"9201731","Rubus spectabilis"
"9201728","Rubus spinnulatus (app)"
"9201728","Rubus taeniorium (app)"
"9201728","Rubus tereticaulis (app)"
"9201728","Rubus teretiusculus (app)"
"9201728","Rubus thyrsanthus (dis)"
"9201728","Rubus thyrsifolius (app)"
"9201728","Rubus truncifolius (app)"
"9201728","Rubus vallicola (sil)"
"9201728","Rubus vallisparsus (app)"
".","x"
"9201734","Rumex acetosa"
"9201735","Rumex acetosella"
"9201739","Rumex aquaticus"
"9201741","Rumex conglomeratus"
"20000377","Rumex conglomeratus/sanguineus"
"9201742","Rumex crispus"
"9202464","Rumex crispus x obtusifolius (R. x pratensis)"
"9201745","Rumex hydrolapathum"
"9201746","Rumex longifolius"
"9201747","Rumex maritimus"
"9201748","Rumex obtusifolius"
"9202455","Rumex obtusifolius x sanguineus (R. x dufftii)"
"9201749","Rumex palustris"
"9201737","Rumex pseudoalpinus"
"9201751","Rumex pulcher"
"9201752","Rumex rupestris"
"9201753","Rumex sanguineus"
"9204557","Rumex seedling/sp"
"9201759","Ruppia cirrhosa"
"9201758","Ruppia maritima"
"9201760","Ruscus aculeatus"
"810918","Saccogyna viticulosa"
"9205207","Sagina [spp]"
"9202559","Sagina apetala"
"9201762","Sagina apetala subsp.apetala"
"9201761","Sagina apetala subsp.erecta"
"9201765","Sagina maritima"
"9201764","Sagina nivalis"
"9201766","Sagina nodosa"
"9201767","Sagina procumbens"
"9201768","Sagina saginoides"
"9201769","Sagina subulata"
"9201771","Sagittaria sagittifolia"
"9202242","Salicornia agg."
"9201774","Salicornia dolichostachya"
"9204326","Salicornia europaea agg."
"9201776","Salicornia fragilis"
"9201778","Salicornia nitens"
"9201779","Salicornia obscura"
"9201780","Salicornia pusilla"
"9201781","Salicornia ramosissima"
"20000382","Salicornia ramosissima/europaea"
"9204558","Salix 'indeterminate hybrids'"
"9201784","Salix alba"
"9202350","Salix alba x babylonica (S. x sepulcralis)"
"9201785","Salix arbuscula"
"9201802","Salix arenaria"
"9201786","Salix atrocinerea"
"9201786","Salix atrocinerea (g)"
"9201786","Salix atrocinerea (s)"
"9201787","Salix aurita"
"9201787","Salix aurita (g)"
"9201802","Salix aurita x atrocinerea (s)"
"9201788","Salix caprea"
"9201788","Salix caprea (c)"
"9201788","Salix caprea (g)"
"9201789","Salix cinerea"
"9201789","Salix cinerea (c)"
"9201789","Salix cinerea (g)"
"9201793","Salix fragilis"
"9201793","Salix fragilis (s)"
"9201794","Salix herbacea"
"9201795","Salix lanata"
"9201796","Salix lapponum"
"9201802","Salix lapponum x atrocinerea (s)"
"9201802","Salix lapponum x myrsinites"
"9201797","Salix myrsinifolia"
"9201798","Salix myrsinites"
"9204558","Salix nigricans/phyllicifolia"
"9201799","Salix pentandra"
"9201799","Salix pentandra (s)"
"9201800","Salix phylicifolia"
"9201800","Salix phylicifolia (c )"
"9201801","Salix purpurea"
"9201801","Salix purpurea (g)"
"9201802","Salix repens agg."
"9201803","Salix reticulata"
"9204558","Salix seedling/sp"
"9201804","Salix triandra"
"9201805","Salix viminalis"
"9201805","Salix viminalis (s)"
"9205441","Salsola kali"
"9201811","Salvia nemorosa"
"9201810","Salvia pratensis"
"9201812","Salvia verbenaca"
"9205211","Sambucus [spp]"
"9201814","Sambucus ebulus"
"9201815","Sambucus nigra"
"9201815","Sambucus nigra (c)"
"9201815","Sambucus nigra (g)"
"9201816","Sambucus racemosa"
"9201817","Samolus valerandi"
"200001660","Sanguisorba [spp]"
"9205442","Sanguisorba minor"
"9201818","Sanguisorba officinalis"
"9201819","Sanicula europaea"
"9201821","Saponaria officinalis"
"9201777","Sarcocornia perennis"
"9201825","Saussurea alpina"
"9205222","Saxifraga [spp]"
"9201826","Saxifraga aizoides"
"9201827","Saxifraga cernua"
"9201828","Saxifraga cespitosa"
"9201830","Saxifraga granulata"
"9201832","Saxifraga hirculus"
"9201833","Saxifraga hirsuta"
"9201835","Saxifraga hypnoides"
"9201836","Saxifraga nivalis"
"9201837","Saxifraga oppositifolia"
"9201838","Saxifraga rivularis"
"9205482","Saxifraga rosacea"
"9201840","Saxifraga spathularis"
"9201842","Saxifraga stellaris"
"9201843","Saxifraga tridactylites"
"200001661","Scabiosa [spp]"
"9201846","Scabiosa columbaria"
"9201847","Scandix pecten-veneris"
"8101338","Scapania [spp]"
"810920","Scapania aspera"
"8101338","Scapania cf. irrigua"
"810927","Scapania gracilis"
"810929","Scapania irrigua"
"810930","Scapania nemorea"
"810931","Scapania nimbosa"
"810932","Scapania ornithopodioides"
"810936","Scapania subalpina"
"810937","Scapania uliginosa"
"810938","Scapania umbrosa"
"810939","Scapania undulata"
"9201848","Scheuchzeria palustris"
"200001662","Schistidium [spp]"
"820291","Schistidium apocarpum"
"820306","Schistidium maritimum"
"9201851","Schoenoplectus lacustris"
"9201849","Schoenoplectus pungens"
"9201852","Schoenoplectus tabernaemontani"
"9201853","Schoenoplectus triqueter"
"9201854","Schoenus ferrugineus"
"9201855","Schoenus nigricans"
"9201856","Scilla autumnalis"
"9201857","Scilla verna"
"920985","Scirpoides holoschoenus"
"9204559","Scirpus [spp]"
"9201861","Scirpus sylvaticus"
"9201862","Scleranthus annuus"
"9201863","Scleranthus perennis"
"820541","Scorpidium scorpioides"
"820540","Scorpiurium circinatum"
"9201864","Scorzonera humilis"
"9205231","Scrophularia [spp]"
"9201865","Scrophularia auriculata"
"9201867","Scrophularia nodosa"
"9201868","Scrophularia scorodonia"
"9201869","Scrophularia umbrosa"
"9201870","Scrophularia vernalis"
"9205232","Scutellaria [spp]"
"9201872","Scutellaria galericulata"
"9201874","Scutellaria minor"
"9204369","Secale cereale"
"9205234","Sedum [spp]"
"9201875","Sedum acre"
"9201876","Sedum album"
"9201877","Sedum anglicum"
"20000399","Sedum anglicum/acre"
"9201879","Sedum forsterianum"
"9201882","Sedum rosea"
"9201881","Sedum rupestre"
"9201885","Sedum telephium"
"9201886","Sedum villosum"
"9101888","Selaginella selaginoides"
"9201889","Selinum carvifolia"
"820550","Sematophyllum demissum"
"820551","Sematophyllum micans"
"9201890","Sempervivum tectorum"
"9204588","Senecio [spp]"
"9201891","Senecio aquaticus"
"9202294","Senecio cambrensis"
"9201892","Senecio cineraria"
"9201896","Senecio erucifolius"
"9201897","Senecio fluviatilis"
"9201899","Senecio jacobaea"
"200001586","Senecio jacobaea/ecrucifolius"
"9201900","Senecio paludosus"
"9204436","Senecio smithii"
"9201902","Senecio squalidus"
"9201903","Senecio sylvaticus"
"9201904","Senecio viscosus"
"9201905","Senecio vulgaris"
"9202410","Sequoiadendron giganteum"
"920172","Seriphidium maritimum"
"9201906","Serratula tinctoria"
"9201907","Seseli libanotis"
"9201908","Sesleria caerulea"
"9201912","Sherardia arvensis"
"9201913","Sibbaldia procumbens"
"9201914","Sibthorpia europaea"
"9201916","Silaum silaus"
"9205248","Silene [spp]"
"9201917","Silene acaulis"
"9201921","Silene conica"
"9201259","Silene dioica"
"9201918","Silene gallica"
"9201258","Silene latifolia"
"9201261","Silene noctiflora"
"9201928","Silene nutans"
"9201929","Silene otites"
"9201926","Silene uniflora"
"9204578","Silene vulgaris"
"9201930","Silybum marianum"
"9201931","Simethis planifolia"
"9201932","Sinapis alba"
"9201933","Sinapis arvensis"
"20000407","Sinapis arvensis/alba"
"9201934","Sison amomum"
"200001663","Sisymbrium [spp]"
"9201935","Sisymbrium altissimum"
"9201938","Sisymbrium officinale"
"9201939","Sisymbrium orientale"
"9201942","Sisyrinchium bermudiana"
"9201944","Sium latifolium"
"9201945","Smyrnium olusatrum"
"200001664","Solanum [spp]"
"9201947","Solanum dulcamara"
"9201947","Solanum dulcamara (s)"
"20000409","Solanum dulcamara/nigra"
"9201949","Solanum nigrum"
"9201946","Solanum sarachoides"
"9204360","Solanum tuberosum"
"9201948","Solanum villosum"
"920965","Soleirolia soleirolii"
"9202251","Solidago canadensis"
"9202434","Solidago gigantea"
"9201951","Solidago virgaurea"
"5503872","Solorina crocea"
"5503873","Solorina saccata"
"9204560","Sonchus [spp]"
"9201952","Sonchus arvensis"
"9201953","Sonchus asper"
"9201954","Sonchus oleraceus"
"9201955","Sonchus palustris"
"9204561","Sorbus [spp]"
"9201956","Sorbus anglica"
".","Sorbus aria"
".","Sorbus aria"
".","Sorbus aria"
"9201958","Sorbus aria"
"9201959","Sorbus arranensis"
"9201960","Sorbus aucuparia"
"9201960","Sorbus aucuparia (c)"
"9201960","Sorbus aucuparia (g)"
"9201961","Sorbus bristoliensis"
"9201962","Sorbus devoniensis"
"9201963","Sorbus domestica"
"9201964","Sorbus eminens"
"9201965","Sorbus hibernica"
"9205483","Sorbus intermedia agg."
"9201966","Sorbus intermedia sens.str."
"9201967","Sorbus lancastriensis"
"9201969","Sorbus leptophylla"
"9201970","Sorbus leyana"
"9201971","Sorbus minima"
"9205448","Sorbus minima group"
"9201972","Sorbus porrigentiformis"
"9201973","Sorbus pseudofennica"
"9201974","Sorbus rupicola"
"9205449","Sorbus rupicola group"
"9201976","Sorbus subcuneata"
"9201977","Sorbus torminalis"
"9201977","Sorbus torminalis (s)"
"9201979","Sorbus vexans"
"9202272","Sorbus wilmottiana"
"200001665","Sorghum [spp]"
"20000245","Spaeropharus [spp]"
"9205259","Sparganium [spp]"
"9201980","Sparganium angustifolium"
"9201983","Sparganium emersum"
"9201981","Sparganium erectum"
"9201982","Sparganium natans"
"9204385","Spartina [spp]"
"9201984","Spartina alterniflora"
"9201986","Spartina alterniflora x maritima (S. x townsendii)"
"9202278","Spartina anglica"
"9201985","Spartina maritima"
"200001666","Spergula [spp]"
"9201987","Spergula arvensis"
"20000418","Spergula arvensis/Spergularia rupicola"
"9205262","Spergularia [spp]"
"9201989","Spergularia bocconei"
"200001549","Spergularia marginata/maritima"
"9201990","Spergularia marina"
"9201991","Spergularia media"
"9201992","Spergularia rubra"
"9201993","Spergularia rupicola"
"55093","Sphaerophorus fragilis"
"55094","Sphaerophorus globosus"
"20000558","Sphagnum (green/fat)"
"20000559","Sphagnum (green/thin)"
"20000560","Sphagnum (red/fat)"
"200001598","Sphagnum (red/thin)"
"8201243","Sphagnum [spp]"
"820578","Sphagnum auriculatum"
"820578.09999999998","Sphagnum auriculatum var.auriculatum"
"820578.30000000005","Sphagnum auriculatum var.inundatum"
"820564","Sphagnum capillifolium"
"200001533","Sphagnum capillifolium/subnitens"
"820554","Sphagnum compactum"
"820555","Sphagnum contortum"
"820556","Sphagnum cuspidatum"
"820557","Sphagnum fimbriatum"
"820558","Sphagnum fuscum"
"820559","Sphagnum girgensohnii"
"820560","Sphagnum imbricatum"
"820561","Sphagnum lindbergii"
"820562","Sphagnum magellanicum"
"820563","Sphagnum molle"
"820566","Sphagnum palustre"
"820567","Sphagnum papillosum"
"820569","Sphagnum pulchrum"
"820570","Sphagnum quinquefarium"
"820571","Sphagnum recurvum"
"820572","Sphagnum riparium"
"200001395","Sphagnum rubellum"
"820574","Sphagnum russowii"
"820575","Sphagnum squarrosum"
"820576","Sphagnum strictum"
"820568","Sphagnum subnitens"
"820579","Sphagnum tenellum"
"820580","Sphagnum teres"
"820581","Sphagnum warnstorfii"
"9201995","Spiranthes aestivalis"
"9201996","Spiranthes romanzoffiana"
"9201997","Spiranthes spiralis"
"9201127","Spirodela polyrhiza"
"200001018","Splachnum [spp]"
"5505241","Squamarina crassa"
"5503564","Squamarina lentigera"
"9205264","Stachys [spp]"
"9201998","Stachys alpina"
"20000944","Stachys ambigua"
"9202001","Stachys arvensis"
"9202002","Stachys germanica"
"920237","Stachys officinalis"
"9202003","Stachys palustris"
"9201999","Stachys palustris x sylvatica (S. x ambigua)"
"9202005","Stachys sylvatica"
"9202009","Stellaria graminea"
"9202010","Stellaria holostea"
"9202012","Stellaria media"
"9202013","Stellaria neglecta"
"9202014","Stellaria nemorum"
"9202008","Stellaria pallida"
"9202015","Stellaria palustris"
"9205266","Stellaria seedling/sp"
"9202007","Stellaria uliginosa"
"5503581","Stereocaulon vesuvianum"
"9202017","Stratiotes aloides"
"9202019","Suaeda maritima"
"9202018","Suaeda vera"
"9202020","Subularia aquatica"
"9202021","Succisa pratensis"
"9202022","Symphoricarpos albus"
"200001587","Symphoricarpus [spp]"
"9205273","Symphytum [spp]"
"9202025","Symphytum asperum x officinale (S. x uplandicum)"
"9202024","Symphytum officinale"
"9202026","Symphytum orientale"
"9202028","Symphytum tuberosum"
"200001036","Symphytum uplandicum"
"9202029","Syringa vulgaris"
"9205275","Tamarix [spp]"
"9202031","Tamarix gallica"
"9202032","Tamus communis"
"9205277","Tanacetum [spp]"
"920503","Tanacetum parthenium"
"9202033","Tanacetum vulgare"
"9202034","Taraxacum agg."
"810954","Targionia hypophylla"
"9202039","Taxus baccata"
"9202039","Taxus baccata (c)"
"9202039","Taxus baccata (g)"
"9202041","Teesdalia nudicaulis"
"9205397","Tephroseris integrifolia"
"9201898","Tephroseris integrifolia subsp.integrifolia"
"9201893","Tephroseris palustris"
"9202042","Tetragonolobus maritimus"
"820589","Tetraphis pellucida"
"820591","Tetraplodon mnioides"
"9202043","Teucrium botrys"
"9202044","Teucrium chamaedrys"
"9202045","Teucrium scordium"
"9202046","Teucrium scorodonia"
"9202047","Thalictrum alpinum"
"9202048","Thalictrum flavum"
"9202049","Thalictrum minus"
"9205285","Thalitrichum [spp]"
"820592","Thamnobryum alopecurum"
"5503589","Thamnolia vermicularis"
"9102052","Thelypteris palustris"
"9202055","Thesium humifusum"
"200001667","Thlaspi [spp]"
"9202058","Thlaspi arvense"
"9202057","Thlaspi caerulescens"
"9202059","Thlaspi perfoliatum"
"8201252","Thuidium [spp]"
"8201353","Thuidium abietinum"
"820595","Thuidium delicatulum"
"820599","Thuidium tamariscinum"
"9205288","Thuja [spp]"
"9202403","Thuja plicata"
"9202060","Thymus polytrichus"
"200001588","Thymus praecox/serpyllum"
"9202061","Thymus pulegioides"
"9202062","Thymus serpyllum"
"9205289","Tilia [spp]"
"9202063","Tilia cordata"
"9202063","Tilia cordata (g)"
"9202063","Tilia cordata (s)"
"9202064","Tilia platyphyllos"
"9202065","Tilia x vulgaris"
"9202065","Tilia x vulgaris (c)"
"9202065","Tilia x vulgaris (g)"
"9202066","Tofieldia pusilla"
"9202436","Tolmiea menziesii"
"5503603","Toninia caeruleonigricans"
"9202067","Tordylium maximum"
"200001668","Torilis [spp]"
"9202068","Torilis arvensis"
"9202069","Torilis japonica"
"9202070","Torilis nodosa"
"8201254","Tortella [spp]"
"820602","Tortella flavovirens"
"820606","Tortella nitida"
"820607","Tortella tortuosa"
"8201255","Tortula [spp]"
"820610","Tortula intermedia"
"820614","Tortula muralis"
"8201758","Tortula ruralis"
"820618","Tortula ruralis subsp.ruraliformis"
"820619","Tortula ruralis subsp.ruralis"
"820620","Tortula subulata"
"20000888","Total bryophyte"
"20000854","Total lichen"
"200001677","Tragopogon [spp]"
"9202073","Tragopogon porrifolius"
"9202074","Tragopogon pratensis"
"5503628","Trapeliopsis granulosa"
"9102075","Trichomanes speciosum"
"9201859","Trichophorum alpinum"
"9201858","Trichophorum cespitosum"
"820624","Trichostomum brachydontium"
"820625","Trichostomum crispulum"
"9202076","Trientalis europaea"
"9202077","Trifolium arvense"
"9202079","Trifolium bocconei"
"9202080","Trifolium campestre"
"9202081","Trifolium dubium"
"9202083","Trifolium fragiferum"
"9202084","Trifolium glomeratum"
"9205459","Trifolium hybridum"
"9207649","Trifolium incarnatum"
"9202086","Trifolium incarnatum subsp.incarnatum"
"9202089","Trifolium incarnatum subsp.molinerii"
"9202087","Trifolium medium"
"9202088","Trifolium micranthum"
"9202268","Trifolium occidentale"
"9202090","Trifolium ochroleucon"
"9202103","Trifolium ornithopodioides"
"9202091","Trifolium pratense"
"200001503","Trifolium pratense/medium"
"9202092","Trifolium repens"
"9205298","Trifolium repens/pratense"
"9202094","Trifolium scabrum"
"9205298","Trifolium seedling/sp"
"9202095","Trifolium squamosum"
"9202097","Trifolium striatum"
"9202098","Trifolium strictum"
"9202099","Trifolium subterraneum"
"9202100","Trifolium suffocatum"
"200001669","Triglochin [spp]"
"9202101","Triglochin maritimum"
"9202102","Triglochin palustre"
"9202104","Trinia glauca"
"9201241.0999999996","Tripleurospermum inodorum"
"9201241","Tripleurospermum maritimum sens.lat."
"200001597","Tripleurospermum maritimum/inodorum"
"9202105","Trisetum flavescens"
"9205303","Triticum [spp]"
"9204367","Triticum aestivum"
"810957","Tritomaria exsecta"
"810958","Tritomaria exsectiformis"
"810960","Tritomaria quinquedentata"
"9202106","Trollius europaeus"
"9202404","Tsuga heterophylla"
"920956","Tuberaria guttata"
"9205309","Tulipa [spp]"
"27","Turf fucoids"
"9202109","Tussilago farfara"
"9202110","Typha angustifolia"
"9202111","Typha latifolia"
"200001670","Ulex [spp]"
"9202112","Ulex europaeus"
"9202112","Ulex europaeus (g)"
"9202113","Ulex gallii"
"9202114","Ulex minor"
"200001415","Ulex minor/gallii"
"9204314","Ulmus [spp]"
"9204314","Ulmus [spp] (c)"
"9202119","Ulmus glabra (c)"
"9202119","Ulmus glabra (g)"
"9202119","Ulmus glabra (s)"
"9202115","Ulmus minor (c)"
"9202115","Ulmus minor (s)"
"9202121","Ulmus plotii"
"9202122","Ulmus procera (c)"
"9202122","Ulmus procera (g)"
"9202122","Ulmus procera (s)"
"200001497","Ulota [spp]"
"9202125","Umbilicus rupestris"
"9202126","Urtica dioica"
"9202128","Urtica urens"
"5505231","Usnea [spp]"
"5503648","Usnea articulata"
"5503663","Usnea subfloridana"
"9205316","Utricularia [spp]"
"9202131","Utricularia australis"
"9202129","Utricularia intermedia sens.lat."
"9202130","Utricularia minor"
"9204334","Utricularia ochroleuca"
"9204335","Utricularia stygia"
"9202132","Utricularia vulgaris sens.lat."
"9201418","Vaccinium microcarpum"
"9202136","Vaccinium myrtillus"
"9202135","Vaccinium myrtillus x vitis-idaea (V. x intermedium)"
"9201419","Vaccinium oxycoccos"
"9202137","Vaccinium uliginosum"
"9202138","Vaccinium vitis-idaea"
"200001671","Valeriana [spp]"
"9202139","Valeriana dioica"
"9202140","Valeriana officinalis"
"9202141","Valeriana pyrenaica"
"200001672","Valerianella [spp]"
"9202142","Valerianella carinata"
"9202143","Valerianella dentata"
"9202144","Valerianella eriocarpa"
"9202145","Valerianella locusta"
"9202146","Valerianella rimosa"
"9205322","Verbascum [spp]"
"9202149","Verbascum lychnitis"
"9202150","Verbascum nigrum"
"9202153","Verbascum pulverulentum"
"9202157","Verbascum thapsus"
"9202158","Verbascum virgatum"
"9202159","Verbena officinalis"
"9202161","Veronica agrestis"
"9202162","Veronica alpina"
"9202163","Veronica anagallis-aquatica"
"9202165","Veronica arvensis"
"9202166","Veronica beccabunga"
"9202167","Veronica catenata"
"9202168","Veronica chamaedrys"
"9202169","Veronica filiformis"
"9202170","Veronica fruticans"
"9202171","Veronica hederifolia"
"9202172","Veronica montana"
"9202173","Veronica officinalis"
"9202175","Veronica persica"
"9202176","Veronica polita"
"9202177","Veronica praecox"
"9202179","Veronica scutellata"
"9204563","Veronica seedling/sp"
"9202180","Veronica serpyllifolia"
"9202180.0999999996","Veronica serpyllifolia subsp.humifusa"
"9202181","Veronica spicata"
"9202182","Veronica triphyllos"
"9202183","Veronica verna"
"9202184","Viburnum lantana (g)"
"9202184","Viburnum lantana (s)"
"9202185","Viburnum opulus (g)"
"9202185","Viburnum opulus (s)"
"9202187","Vicia bithynica"
"9202189","Vicia cracca"
"9204366","Vicia faba"
"9202191","Vicia hirsuta"
"9202194","Vicia lathyroides"
"9202195","Vicia lutea"
"9202196","Vicia orobus"
"9202201","Vicia parviflora"
"9202516","Vicia sativa"
"9202186","Vicia sativa subsp.nigra"
"9202197","Vicia sativa subsp.sativa"
"9202649","Vicia sativa subsp.segetalis"
"9204564","Vicia seedling/sp"
"9202198","Vicia sepium"
"9202199","Vicia sylvatica"
"9202202","Vicia tetrasperma"
"200001600","Vicia tetrasperma/tenuissima"
"9202203","Vicia villosa"
"9202204","Vinca major"
"9202205","Vinca minor"
"9202206","Viola arvensis"
"9202207","Viola canina"
"9202210","Viola hirta"
"9202213","Viola kitaibeliana"
"9202211","Viola lactea"
"9202212","Viola lutea"
"9202214","Viola odorata"
"9202215","Viola palustris"
"9202216","Viola persicifolia"
"9202217","Viola reichenbachiana"
"9202218","Viola riviniana"
"200001595","Viola riviniana/reichenbiana"
"9202219","Viola rupestris"
"9204565","Viola seedling/sp"
"9202220","Viola tricolor"
"9202220.0999999996","Viola tricolor subsp.curtisii"
"9202223","Viscum album"
"9205328","Vulpia [spp]"
"9202226","Vulpia bromoides"
"9205468","Vulpia ciliata"
"9202225","Vulpia ciliata subsp.ambigua"
"9202227","Vulpia fasciculata"
"9202228","Vulpia myuros"
"9202263","Vulpia unilateralis"
"9202230","Wahlenbergia hederacea"
"8201260","Weissia [spp]"
"820639","Weissia controversa"
"820642","Weissia microstoma"
"9202231","Wolffia arrhiza"
"200001673","Woodsia [spp]"
"9102232","Woodsia alpina"
"9102233","Woodsia ilvensis"
"5505098","Xanthoria parietina"
"9202237","Zannichellia palustris"
"9202238","Zostera angustifolia"
"9202239","Zostera marina"
"9202240","Zostera noltii"
"9202967","x Cupressocyparis leylandii"
